datasetKey,name
a0546df1-b727-402f-b9b8-570e65e58026,"Vascular Herbarium, NMBU"
62a36329-6b82-48bc-94d8-1cb9adb91ab5,Botany (UPS)
3799e4f9-f685-4796-99b5-f78524441b93,"Base de datos del Herbario CIQR de El Colegio de la Frontera Sur, unidad Chetumal"
046a2685-be26-4d6e-80cc-d95e907922fa,HCDAL - Herbário Caririense Dárdano de Andrade-Lima
207b6c64-7b58-4d6a-816d-bc759c27eafc,"Vascular plant herbarium TRH, NTNU University Museum"
77e7e6bd-7822-4b84-a46b-39a06abdac2e,Carnegie Museum of Natural History - Mollusks
2e3a8e5c-eef9-462d-a690-3a91fe111e13,Indiana University Herbarium
4efa0623-a625-4949-aea4-7cb60a99b6f8,Swaner Preserve and EcoCenter
8295ea14-c4fd-499b-bc68-2907ed36badc,Fort Lewis College Herbarium
382ecf04-5613-4825-99d6-a4665a93fc7e,Estructura y variación geográfica de las asociaciones de diatomeas bentónicas de la Península de Baja California; Bahía de La Paz
0bfd2d69-2a35-4291-9e73-bd311463bd15,Naturalis Biodiversity Center (NL) - Coleoptera
fccc3c1d-d9df-4ffd-b7e1-1b9eb11f95b1,University of Florida Herbarium
05498053-5a06-45d5-bf6c-dbea1c42cb2b,EAC - Herbário Prisco Bezerra
196bb137-2f82-40d5-b294-e730af29749f,The University of Arizona Herbarium
025a810b-28f6-427d-b342-16fdf5f74f4b,The Orthoptera collection (EO) of the Muséum national d'Histoire naturelle (MNHN - Paris)
a8823dd5-32d7-4465-932b-accdf76ef4ff,"Flora vascular de los manglares de Marismas Nacionales, estado de Nayarit"
50ee2f53-7f79-4808-bceb-3e660fd1e666,"Sistematización de la colección entomológica y actualización de la colección del herbario CHIP del Instituto de Historia Natural y Ecología (IHNE), Chiapas"
b9ab58cf-785e-44a7-a873-1966e14a6715,DAV UC Davis Center for Plant Diversity
1f8c7572-5cda-44be-9a78-0658217fc279,University of South Alabama Herbarium
080aa588-2f4c-4d65-8a55-f0b83e8aa7e6,HUTO - Herbário da Universidade de Tocantins
9357e02f-20fc-4bc5-9bcb-dc8abcbebf16,La vegetación y flora de las Lagunas de Catazajá-Emiliano Zapata
67893f3c-c409-41c6-a8f2-47956739a911,Huntington University Herbarium
c282d7ee-b624-42a2-ace1-aff9bfff5e7c,"Moss herbarium, UiB"
d1b25dcd-472e-4902-b53c-3b164269e049,University of Connecticut
5f513dff-ccd8-4578-ad0b-5e6cf035e4d1,CESJ - Herbário Leopoldo Krieger
b6d0f953-29b4-41da-a255-2ed07c83edf1,Luther College
137ed4cd-5172-45a5-acdb-8e1de9a64e32,"Invertebrate Paleontology Division, Yale Peabody Museum"
e8ba42b7-c4e4-4e57-aca8-58768f8f5f72,Conocimiento de la diversidad y distribución actual del maíz nativo y sus parientes silvestres en México
331b6d1b-842e-4c63-aa23-75ef275d8a9f,Towson University Biodiversity Center
f477ab07-21ac-45b4-b846-38dfd3ce05ce,Conocimiento de la diversidad y distribución actual del maíz nativo y sus parientes silvestres en México
ee8a365e-25fd-4505-a154-af6f290c127a,HTSAw - Xiloteca do Trópico Semiárido
94dd2cee-ed7d-4f98-894f-efafeac92b5b,Shirley C. Tucker Herbarium at Louisiana State University
045aa661-f985-4203-80ff-98daafdfe377,CM Herps Collection
cb4882a8-19d3-41a1-9373-c1a868b5ac9b,Canadian Museum of Nature Annelid Collection
93a2a79b-2728-429b-b095-94ec8dee8a4d,Diversidad genética en dos especies mezcaleras
4f8c3594-d7b2-4985-8dd9-1ae77f9187d4,The Diptera collection (ED) of the Muséum national d'Histoire naturelle (MNHN - Paris)
aced32f9-e511-48c7-8e9e-b625777bdf7f,University of Illinois Herbarium
7c2c5cdc-80e6-49d5-8e95-08fc7da0a370,NCSM Paleobotany Collection
82bcf2f2-b2d6-45a5-b0ca-d70d8ab4ebf8,New York State Museum
f4f833ea-0abf-4059-948e-132c64dda1be,UCM Mammal Collection (Arctos)
e2a12ef3-cf03-4ce4-8aff-802ccf2aec1d,University of Richmond Herbarium
781b461a-2788-4fa6-b3df-bbed9447f5a3,"Caliente Field Office, Bureau of Land Management"
c22f048c-6f77-4488-a203-865537dddba9,Inventario florístico de la región Calakmul-parte baja de la región Lacandona (Cuenca alta del Usumacinta y Marqués de Comillas)
8ef66009-4c41-45a1-a2c1-4555da6d8e29,"Sistematización de la Colección Paleontológica de la Facultad de Ingeniería, UNAM"
2ec3b31e-c86b-4ce9-b265-77c8c3f9643c,UAM Earth Sciences Collection (Arctos)
b5f4526b-f4fb-4d90-8ce0-975e0cda8ff6,"Invertebrate Zoology Division, Yale Peabody Museum"
66e00116-15fa-4149-a94a-eb91b98b622c,Humboldt State University
282fe9c2-d6cb-4325-b3b5-b70ab1d22bbb,Western Connecticut State University Herbarium
bc93e4c6-fd85-4412-987f-52f6fa3bb67d,LUSC - Herbário de Lages da Universidade do Estado de Santa Catarina
8e58cd34-3cbb-46f7-9c25-527251881a6f,Naturalis Biodiversity Center (NL) - Micropaleontology
8096525f-6f67-4bd2-a160-48ed4bea8aa7,BHZB - Herbário do Jardim Botânico da Fundação Zoo-Botânica de Belo Horizonte
2eb8ff2f-4826-4fc3-be68-22d805bcae88,"Rutgers University, Chrysler Herbarium - Lichen Collection"
c55ac6d0-180d-41be-829a-e82898c5ca54,Australia's Virtual Herbarium
4ac45d7e-c6e5-45ea-a0e0-aea6ebe2afcf,Oskarshamn herbarium (OHN)
39289378-eed8-442c-ba0b-fce8b1679d8f,"Pacific Northwest Herbarium, Western Washington University"
6b565194-9707-42da-8052-9f9cf5f9aa60,Ohio State University Herbarium
8919571f-205a-4aed-b9f2-96ccd0108e4c,Collaborative databasing of North American bee collections within a global informatics network project
4960f30c-c1c7-490e-966a-61ad02969e38,Patuxent Research Refuge - Maryland
cd177f63-761b-44f6-866e-ee19d2ac134e,Botanical Research Institute of Texas
205fa34c-2fcb-4492-b992-972b18560f6f,Field Museum of Natural History (Botany)  Seed Plant Collection
08adc6ee-21d1-4619-8094-d728747cd54e,Computarización del Herbario Ficológico de la Universidad Autónoma de Baja California Sur
9f3bbc7b-c682-4f66-88b3-48eef3a38f38,City of Alexandria Herbarium
4305303f-976d-4074-accc-91e205435cc8,SJRP-Algae - Herbário de algas de São José do Rio Preto
8f3923b5-4802-40ff-bf98-0acba66691ec,El banco de datos del Herbario HCIB en línea (Fase I): Implementación del Sistema Biótica
7b1f4ee4-7f50-4c82-9007-ba76528a84df,UFACPZ - Herbário da Universidade Federal do Acre
c44e18ab-837b-4a58-b8df-dc521a173029,Flora vascular del cerro El Zamorano
5d0a9aa8-91f2-4fa4-b4df-554a4221dfcb,"Flora del Parque Nacional Cumbres de Monterrey, Nuevo León, México"
6c6f34ed-58a4-4ba2-b9c7-34524f79a349,NMNH Paleobiology Specimen Records
8b0c1f4b-9de7-4521-98c2-983e0bfd33c7,"Vascular Plant Collection, University of Washington Herbarium"
b58043bc-9e47-4a8f-9e4b-5d4c510ea0e1,SMDB - Santa Maria Departamento de Biologia
dde625e8-cc2a-4877-9ec4-0b8a20dfded9,Illinois Natural History Survey Insect Collection
ba77d411-4179-4dbd-b6c1-39b8a71ae795,UWBM Invertebrate Paleontology Collection
2c662e9e-cdc6-4bbf-93a5-1566ceca1af3,University of Delaware Insect Research Collection
5386d272-06c6-4027-b5d5-d588c2afe5e5,Tropicos Specimen Data
f016064e-c9c6-4baf-925c-e68e1190bb6d,Base de datos sobre la flora de Durango
5ea005e8-626f-47de-afee-972e976cc3a7,"Natural History Museum, University of Oslo"
9d9016ef-a88f-4312-a0bf-638fc4be53ba,Washburn University
ecb0a329-c019-4a59-abe3-fa7e72055902,"Inventario de la biodiversidad de vertebrados terrestres de los Chimalapas, Oaxaca"
e881a3e2-f7ba-43c8-ae9a-11fcbfd741bb,University of Tennessee Bryophyte Herbarium
a69decc7-76ba-496a-a66e-f91049c02cf0,Stuart K. Harris Herbarium
ec4acc26-ff1b-4131-a1df-a950fe31bb0e,"Vascular Plant Collection, College of Idaho, Harold M. Tucker Herbarium"
005ac06a-3d9a-46ad-ac3c-062aaa5b7059,Muhlenberg College
0fcbf959-b714-4ba2-8152-0c1440e31323,University of Maine Herbaria
ef59f7cc-ed42-45fc-9abc-5edfb2c8caec,"Berea College, Ralph L. Thompson Herbarium"
b26cc2c9-1141-4502-805a-b9dd1d83c321,Inventario florístico de Tetipac y sus alrededores (Sierra de Taxco)
99e84c7d-dd3c-40d9-9526-54f4342cda95,Santa Cruz Island Reserve Herbarium
43c69d2a-0fd2-4d34-a1ef-50d0f9c01353,Armstrong State University Herbarium
7340c0df-8829-4197-9dc7-0328b8e7f5dd,University of Montana Herbarium
ced8c9bc-e8b5-49e7-860a-289fc913860c,"University of Nebraska State Museum, C.E. Bessey Herbarium"
8e5fffb5-0b22-472d-8386-de291d17d513,Shirley C. Tucker Herbarium at Louisiana State University
79be41bc-8142-485a-9d57-d6195f9a7c81,University of Central Oklahoma Herbarium
b000920c-6f7d-49d3-9d0f-2bb630d2e01a,Farlow Herbarium (Harvard University)
4520451d-bd3b-4095-b777-24a420d442c1,Patricia Ledlie Herbarium
b0e9fd61-1e0f-408f-b035-d7952614d7f3,"Plantas de La Frontera (ecorregión 12.1.1.1), e inventario florístico del Rancho El Aribabi, municipio de Imuris, Sonora"
584e9356-3882-4380-b249-342dd4a11236,Diversidad fúngica en planicies del desierto central sonorense y centro del desierto chihuahuense
b688c17c-3761-4ccd-a42f-88219f5fcff4,Naturalis Biodiversity Center (NL) - Crustacea
53a8ce69-d9b9-4ae2-848a-dab0d4d810d1,Florística y biogeografía de algunos bosques mesófilos de la Huasteca Hidalguense: Fase 3 (Chapulhuacán y Pisaflores)
2c2cc29c-3572-4568-a129-c8cbec34ccbe,AMNH Invertebrate Paleontology Collection
0b2b87e2-5c7f-4b30-9ea4-dc3f5f25aacd,"Base de datos y catálogo para la utilización, conservación y disponibilidad de Phaseolus en México"
49db9725-7bdc-4c38-8548-c32994e811c1,University of Central Florida Herbarium
e2fda823-8a6e-4bd8-8602-924615373938,Plantas exóticas del centro de México y obtención de imágenes para una flora virtual de malezas
46c11153-2154-495d-89d2-7cdef6425cdb,Pennsylvania State University Herbarium
24aa66d3-86a3-44a7-b6a3-6a45edc1e6a9,Northern Territory Museum and Art Gallery provider for OZCAM
b8972f6b-c67f-45c0-b348-954866e04a0f,Brigham Young University
c4bb08d4-c310-4879-abee-1b3986e8e0ca,KUBI Herpetology Collection
b027383d-6705-4d06-8514-db6ef16efdb5,Seney National Wildlife Refuge
7f497d81-4c7e-4e06-b166-a459968b14e3,"Miami University, Willard Sherman Turrell Herbarium"
2cebadf7-6d52-49b2-b3a7-d4969a36aa12,George R. Cooley Herbarium
482990c6-da88-4d99-8cf4-ccd27ee82f44,South Australian Museum Australia provider for OZCAM
b80d24e8-17ff-4092-88d7-7e5ad11c117a,"Historia natural del parque ecológico estatal  de Omiltemi, Chilpancingo, Guerrero, México"
e70af26a-fb9e-43ab-96a0-d62a2df37e6d,George Safford Torrey Herbarium (CONN)
c481fbc6-4bd7-4c50-8537-ba1993d4eb88,Field Museum of Natural History (Botany) Lichen Collection
bfb53140-79c1-4625-81aa-3f37de7c0c2f,Southern Utah University
21b563bc-70c2-46d5-bce8-2489db2db3d8,"East Tennessee State University, John C. Warden Herbarium"
0c6fb8af-94f4-44f8-90c6-928008101b04,"Evaluación estacional de la fauna ictiológica, malacológica y flora ficológica de la Reserva de la Biósfera El Vizcaino, BCS, Fase I: Laguna Ojo de Liebre"
466ee466-51d5-4bab-99e6-92e534e6877b,Contribución al conocimiento de la flora útil de la selva Lacandona
ab3c6b74-477b-4f79-8711-0643851021f0,Florística y biogeografía de algunos bosques mesófilos de la Huasteca Hidalguense: Fase I (Tenango de Doria y Tlanchinol)
1527b668-b797-42be-94d3-0058e1393e94,"Botany Division, Yale Peabody Museum"
945d6d7d-c768-4189-be9d-f693104d590c,Cornell College Herbarium
312cf3f1-2913-4c63-9ba8-0b870cd3c120,University of North Carolina at Asheville
14f8f83f-7a0c-458c-b6d5-6da7dc8eaa0a,Morton Arboretum
90e07356-df5d-4372-a2c4-34927db9a3ec,DVPR - Herbário da Universidade Tecnológica Federal do Paraná - Dois Vizinhos
237d30ca-7675-4840-b4fd-96771fabf518,Herbier du Québec (QUE) - Collection de plantes vasculaires
3056112e-97c6-4d0d-b6c2-3c0a9adaca24,Mississippi State University
c6c6ee10-c7ce-41a9-9552-7984654b87ce,Filogeografía y recursos genéticos de las vainillas de México
ba1c8acd-1c39-4544-996d-41c1a0cbad45,Diatomeas (Bacillariophyceae) y Dinoflageladas (Dinophyceae) planctónicas más frecuentes en la región sur del Golfo de México
9576cbeb-8852-44ab-b1c8-6c708f30a7a8,Sistematización de la Colección de Algas Marinas del Centro Interdisciplinario de Ciencias Marinas CICIMAR-IPN
f1960cd5-e27a-40f0-b4bd-3ca7157e4bbb,HUSC - Herbário Unisanta
844875a9-9927-48a5-90b4-76c5f227f145,"Vascular Plant Collection, University of Montana Herbarium"
e6ccc2bd-9451-4802-8a51-8640d9f09793,"Vascular Plant Herbarium, Oslo (O)"
6d710d01-54f6-448b-bbf9-adee9e46fc3c,Diversidad y riqueza vegetal de los substratos rocosos del centro del estado de Veracruz
c4306d83-64da-4a45-bcb4-efd743caa2a3,"Algae, Norwegian College of Fishery Science"
aa977d4a-0dd6-4441-87d4-5efb60435a0b,Naturalis Biodiversity Center (NL) - Foraminifera
f39780bd-7108-4685-8e6a-b340ff5a5965,CPAP - Herbário CPAP
b133b7cb-c0a1-4cd7-9775-cbc78fea50fc,Funed-Pol - Coleção de lâminas de grãos de pólen
1599bdcc-9eec-4d68-a2c4-83e2c2e7d9c6,Actualización de las bases de datos de las colecciones de plantas vasculares y macromicetos del herbario de la UJAT
ea44c7c9-9cca-4fae-9a0a-84f1b95f21cf,URM - Herbário Pe. Camille Torrand
18cc4ad5-9449-470e-9195-5858b12d822c,"Fusión y actualización de las bases de datos del Herbario de la Facultad de Ciencias, UNAM (FCME), Guerrero"
e27f0218-47e0-41bc-9086-9d9169096e90,Paleontological Research Institution Collections
53feaa83-e3b6-4ad3-8597-293b153e7548,Frost Entomological Museum
781fd581-7b93-471e-a025-413e4bcd8491,University of Florida Herbarium (FLAS)
73d176ad-883f-4ec7-91c0-c0bdae8b8a6c,Estudios previos justificativos para la declaratoria de áreas naturales protegidas en Tamaulipas
a4e6033a-d1eb-46d3-869d-7c0328f09aa7,Rancho Santa Ana Botanic Garden Herbarium
c13a5966-99a3-4383-b9ef-259cf46800fe,Gila National Forest Herbarium
33d00b3b-e0b0-4e22-9a22-83583612240c,Société Québécoise de Bryologie
9756b9a4-c070-4359-8a07-2383b09d0d04,Cornell University Plant Pathology Herbarium
8bcb95b2-ab5c-4368-8ead-14588eeb9c98,Calvin College
724dc40a-421c-44f8-b426-969f99fa8a1c,Formación del banco de datos del herbario (UCAM)
ef83b1d4-4aaa-4986-a771-c7dbc9c674ee,"Conocimiento de la diversidad y distribución actual del maíz nativo y sus parientes silvestres en México, segunda etapa 2008-2009"
821c1855-6817-40ee-8732-7f472d238513,University of Alaska Museum of the North Herbarium
ef04e127-bb7d-4bf0-82d3-767d43108f81,West Virginia University Herbarium
41800344-33b3-4201-b9d2-cabbbf564fbc,Benedictine College Herbarium
4dfb5828-3653-4604-ac00-db1e1da98b02,SDSM Botany and Paleobotany Collections
181352ea-3598-4f32-b919-c8f6097f4c65,Michigan State University
45544aa4-8762-4bf0-bfc6-890d08dc6ead,Illinois Natural History Survey - Fish Collection
241d64f1-480a-48ae-8ec2-cd12af4a16e9,Fort Lewis College Herbarium
0024bce6-9970-4067-a279-68d99dd694de,Clasificación de tres especies endémicas de Mammillaria dentro del PROY-NOM-ECOL-059-2000
0a854fba-3da1-4d7b-88e1-1204a993ee00,Luther College
e647814d-6975-4b34-b8c4-e79b7ca83085,CGMS - Herbário da Fundação Universidade Federal de Mato Grosso do Sul
8ed556b0-b801-4575-ae53-db7cacbfd0c9,"Base de datos del Municipio General Heliodoro Castillo, Guerrero (120. Sierra Madre del Sur)"
5ab348ab-439a-4697-925c-d6abe0c09b92,University of California Museum of Paleontology
74ba1d92-d9a5-486e-8e52-bb44d51e1788,"Herbarium specimens, Harmas J.H. Fabre (FABR - Sérignan-du-Comtat) of the Muséum national d'Histoire naturelle (MNHN - Paris)"
6f2cd35e-9ee6-44d5-b182-cdd19d01a4c3,Flora acuática de Querétaro
9e66257f-21a9-491a-ac23-06b7b62ceeb7,Field Museum of Natural History (Geology) Paleobotany Collection
b26fa674-6300-4ea0-a8e3-fc0ce32b5226,Field Museum of Natural History (Geology) Fossil Invertebrates Collection
8728ef71-fdcc-4027-8139-38b2c0628fba,Idaho Museum of Natural History
b985f284-eac5-4efe-8a7c-c726cdf7cf33,William F. Barr Entomological Museum
30733214-8eb0-4894-b19d-775fe8a617cf,HAS - Herbário Alarich Rudolf Holger Schultz
9e8c4024-45b1-4c06-854d-9f6d807dae67,Kaibab National Forest Herbarium
9a861ebe-f8d7-4eb1-a2c8-3006f07cfec2,Wilton Garden Club Herbarium
7f7939c8-5276-4fbb-b12c-de89a5a8044f,"Inventario florístico y faunístico del Parque Nacional Barranca del Cupatitzio, Michoacán"
fb33ec4c-1bab-48f2-9faf-a5205a9a2c37,"HPAN - Herbário do Pantanal ""Vali Joana Pott"""
2b4ed452-cda9-458a-aaf3-742a07201add,"Computarización de la Colección de Referencia para Zoología, Arqueozoología y Paleontología del Museo de Historia Natural de la Universidad Autónoma de Baja California Sur"
65d603ef-19be-4d6f-92dc-76c5e4220175,HAMAB - Herbário Amapaense
a7228b3f-982a-4518-a761-b19b00e14844,"SP - Herbário do Estado ""Maria Eneyda P. Kaufmann Fidalgo"" - Coleção de Fanerógamas"
995cc7f1-69c3-4317-ab77-28fd48f1e535,"University of Colorado, Museum of Natural History Herbarium Lichen Collection"
61a1c0ce-8327-4e2a-9766-449751a49b7a,University of New Hampshire - Macroalgal Collection
4ed5b2e2-8b45-4b5a-a38f-df7c6e51030e,"Diversidad y dinámica del fitoplancton marino en la bahía de Acapulco, Guerrero"
c359c2e5-cd20-4057-9179-35a7a5b5da72,University of Hawaii at Manoa
6f82f182-39b4-4b3f-9087-91f6afafc04e,National Herbarium of Canada
137a4346-a8ba-419e-bcd9-aa854d6df779,"Propuesta para rescatar y conservar la paleobiota de la Cantera Tlayúa, en Tepexí de Rodríguez, Puebla: Fase II"
70f5686f-c1ef-4b9a-a7ae-2536bc7a7766,Arachnida e Myriapoda Museu Nacional (MNRJ ARAC)
fd62a976-d195-492a-b6f0-f57fef8b6acc,CRI - Herbário Pe. Dr. Raulino Reitz
364b1f8d-5975-48d9-bba1-c97ab172986c,University of Wisconsin-Milwaukee
2e03b83d-d2b9-4a8e-90b5-42b5b1301a92,Canadian Museum of Nature Mollusc Collection
fc628e53-5fdf-4436-9782-bf637d812b48,"C.A. Triplehorn Insect Collection (OSUC), Ohio State University"
215eeaf0-0a88-409e-a75d-aec98b7c41eb,Intermountain Herbarium (Utah State University)
3c9420c9-c4a8-47dc-88b7-b5638ca5e716,Natural History Museum (London) Collection Specimens
36be338b-cfb2-47e4-a1fc-b3f7a1aaaf22,MBML-Herbario - Herbário Mello Leitão
76e76ec1-e0fd-41ab-aefd-b90430a694ac,Diversidad y distribución de las comunidades de fitoplancton y peces de ríos y lagunas del volcán San Martín de la reserva de la biósfera Los Tuxtlas
80dcaaae-9e3c-4000-b8bf-e1e29a5da9a4,Collection botanique Mulon L. (BOUM)
d7dc7e86-062e-44e3-a1a6-0f8e4e0b296a,Barcode de Bambúes nativos de México
6aca6f67-a2e9-440d-a503-9501db6e6f36,University of Nebraska Kearney
879d475f-4b76-4d18-8cf6-a7e5a6d44926,University of Georgia Collection of Arthropods
de5203b1-5a44-4010-948c-b7d33f46397a,Museum of Northern Arizona
0ed0b942-198e-4500-8fe0-1d1ef0785454,SORO - Herbário do Centro de Ciências e Tecnologias para a Sustentabilidade
53aa69a7-bd66-468b-8ffa-ec6cb06d7d8d,La etnobiología de los recursos nutritivos en las comunidades Tzeltales en los Altos de Chiapas
feec2eee-841a-47d3-9751-df5f28cdd366,Base de datos sobre los hongos anamorfos de restos de vegetales del bosque mesófilo del estado de Veracruz
6b5e29d3-b462-44d8-ba38-d68af5088067,"Entomology Division, Yale Peabody Museum"
fc014977-92f7-47fd-92d7-b609c39d8212,Phanerogamic Botanical Collections (S)
6bb853ab-e8ea-43b1-bd83-47318fc4c345,UF Invertebrate Zoology
7cc1fb18-45c1-499f-8476-682daa14a4a3,University of Alaska Southeast
d1de8464-14d4-43da-8a57-9792fc34d4bf,Malezas introducidas en México
a4b888a2-94bf-4680-b912-84964a236c82,University of Wisconsin - Eau Claire
06c35934-1b75-4196-838d-29d509951bf9,Tall Timbers Research Station and Land Conservancy
02153e3c-902f-4d8d-8c7a-11c38b99ec0c,CSIRO Ichthyology provider for OZCAM
3c6f1ea5-f2e7-4203-9cfe-74ec2fb1b035,"Vascular Plant Collection, Rocky Mountain Research Station Herbarium"
6f470382-cb0b-4634-a796-2248bfa97fdc,Campbell University Herbarium
ceba331e-9da3-44ee-8970-f1eb8d1a68d6,Actualización e incremento de la base de datos del Herbario de la Benemérita Universidad Autónoma de Puebla
1e6c8187-1521-4501-b205-ac8f513d5e04,University of Michigan
f3327705-8d69-4d9c-88b7-584a08c74653,North Carolina Zoological Park
eeb4872b-7fb4-4ecd-8ce5-82e194f04735,"Robert W. Freckmann Herbarium at the University of Wisconsin, Stevens Point"
30ab9c2a-0b54-4c04-84ca-bc7abdd90b52,"Vertebrate Zoology Division - Ichthyology, Yale Peabody Museum"
05c029de-734c-450a-a41a-56061b7ebb18,Michigan State University Herbarium Vascular Plants
ec248223-f277-4c02-b1fa-60056b5a689a,Massey Herbarium (Virginia Tech)
1844b78c-58c1-4031-98c9-54f97fc16e09,Estudio biosistemático del género Bouteloua de México
4d89070b-5dea-4a12-8a09-3f65ba33dba1,"Cryptogamic Herbarium, Michigan Technological University"
b7a79601-c07b-46d5-bd09-d4472b0d9431,UTEP Fossils (Arctos)
36d35b23-113e-4633-90ec-19d265a3b5f6,The New York Botanical Garden Herbarium (NY)
d68063b0-2d3e-4a7c-bf2b-cf2a1fb629f9,"Base de datos de colecciones de maíces nativos, teocintles y Tripsacum de México"
431b56fc-d016-459a-97ab-1e9c8168a7f0,HJ - Herbario Jataiense
4c46db9d-74d7-4e45-9ed2-0da40ec6b44f,VMNH SVDM Invertebrate Paleontology
0c94911f-6f18-40a2-a0c3-95c845bc41d7,CEN - Herbário da Embrapa Recursos Genéticos e Biotecnologia
dddf9315-7819-4289-b587-6be72e4894d2,"Bryophyte herbarium TRH, NTNU University Museum"
65536dcd-7bb2-44e5-af3f-4a13f08e53d0,Academy of Natural Sciences of Drexel University
8f3b62fb-56ec-49e8-9f8f-bb257348291f,"University of Nebraska State Museum, C.E. Bessey Herbarium"
1b42f60a-906a-4639-96e7-c5fcfc3231c3,"Inventario florístico de las Cactáceas del estado de Tamaulipas, México"
77d89822-9c2d-47b8-ab06-62819d13d377,Conocimiento de la diversidad y distribución actual del maíz nativo y sus parientes silvestres en México
6eb1dbc4-ea33-456b-8782-0a953900d37a,William Jewell College Herbarium
2c07346d-2239-479b-91e4-787a8f589457,UFRN-Fungos - Herbário UFRN - Fungos
0220907a-0463-4ae0-8a0b-77f5e80fff40,"Vertebrate Paleontology Division, Yale Peabody Museum"
4d9103e7-fe58-4dc5-9fa8-e739949fd3f3,Canadian Museum of Nature Fish Collection
c5eeb223-0515-423a-a51a-151426c8f60d,Eastern Michigan University Herbarium
d8862887-ff5c-4caa-9d61-f1958887ebc1,PACA-AGP - Herbarium Anchieta
cdb6ec43-935e-4da2-8798-71e40ca6d12a,Naturalis Biodiversity Center (NL) - Mollusca
b1db48d5-22e7-4f5e-bce2-d267b447cdaa,Lista florística de la Costa Grande del estado de Guerrero
1f2933c1-3f7a-4521-9b16-2c34b369ee95,Uso y monitoreo de los recursos naturales en el Corredor Biológico Mesoamericano (áreas focales Xpujil-Zoh Laguna y Carrillo Puerto)
01dfe0f4-24fe-447e-9f8f-1db7f8394b89,Lund Museum of Zoology - Insect collections (MZLU)
4e3043a6-d48a-4a35-b5fb-f67d50cbc158,University of North Carolina at Chapel Hill Herbarium
4c9d08ce-71c1-47b8-a572-2d40e5984c49,Salem College
fa1518c7-2cb3-49a3-98a6-67e0581b7669,"Louis-Marie Herbarium, Université Laval"
616857b7-f952-44ef-9b6f-576dc1e65b51,The vascular plants collection (P) at the Herbarium of the Muséum national d'Histoire Naturelle (MNHN - Paris)
9368e302-f8e7-4714-aed4-db2faa861e5c,"Lichen Collection, University of Washington Herbarium"
c6e89321-fc23-4cba-ad79-be3e52edfb6d,University of New Hampshire
c3134980-bf5c-49b8-a289-790d45f02c86,University of Southern Mississippi Herbarium
6d4b658a-90b4-4639-8b06-b7f07637f6aa,"University of Vermont, Pringle Herbarium, Algae Collection"
beecd160-a96c-46fc-bdce-7dcb7024d473,"Fungi Collection, University of Washington Herbarium"
68abd0b8-cff1-4c84-a2d9-bd4ac6df4fa4,HUCO - Herbário da Universidade Estadual do Centro-Oeste
79aa7602-a963-44f3-82dd-e141a387adb8,Morehead State University Herbarium
f2f68b10-b620-4ef8-ac32-c799b38b6d56,"Fungi Collection, Bureau of Land Management, Medford District Herbarium"
bc41afff-4d56-421e-bc87-45e18b4fe64a,"Entomological collections, UiB"
6ca0f584-8a74-42c6-9fdc-041502bc0a33,"Botanical Museum, Copenhagen, the Phycology Herbarium"
e85a9948-9c9e-451d-9485-b2b4cb7b73d5,"University of Florida, Florida Museum of Natural History"
77b762ba-7cda-4617-97d7-e78df7f6dfab,State University of New York - Binghamton
9c4f4765-2d02-452c-9ae9-cdd1d4846d5d,Herbier G. Garapin (BOUM)
d2217bca-3a93-4407-bb56-087afa000cbc,"Vascular Plant Herbarium, UiB"
5889291d-9105-4740-a30f-2d9d2469c264,Miami University
b1f0612a-bc21-424f-b9c1-3bba69ad4f54,KUBI Paleobotany Collection
a5b1b714-7470-4635-805d-a0cdcc6a6a4b,HDJF - Herbário Dendrológico Jeanine Felfili
f5118065-6cf3-402d-a35d-8fdd2830f4da,"Estudio de la diversidad florística de la región de Nizanda en el Istmo de Tehuantepec, Oaxaca"
5486b66d-2082-433d-9223-bd789ebca29c,Converse College Herbarium
de41423b-7326-413a-880f-58176ef95ec7,HUCPE - Herbário da Universidade Católica de Pernambuco
204fbebc-37cc-4331-a2be-11f38949561c,Utah State University Uintah Basin
3c367a2d-eec0-4ef1-b3bc-4cbebb320c5a,"Vascular Plant Collection, University of Alaska, Anchorage Herbarium"
271a9ce9-c6d3-4b63-a722-cb0adc48863f,"Museum of Comparative Zoology, Harvard University"
fd09683f-efe8-446c-9e43-7d11f62e597c,"Integración de bases de datos, actualización y sistematización de la colección de flora del Herbario Eizi Matuda (HEM)"
1d53fb30-d749-4e7c-beab-f83a0354fdf7,Catálogo taxonómico y biogeográfico de los radiolarios (orden Polycystina) de la región central y sur del Golfo de California
f2696243-01cd-4b91-9c13-1b30c8a85898,"Computarización de la Colección de plantas acuáticas mexicanas del Herbario Nacional (MEXU), 3a Etapa"
394dda75-c336-4ca3-acdd-1c2a317d7361,"Inventario florístico de la Sierra de San Carlos, Tamaulipas"
f3a5ec1a-49dd-4a52-8bd8-67cacae7a7ac,Fairchild Tropical Botanic Garden Herbarium
6b6c13d9-7789-4da0-99d7-6786322e2612,The echinoderm collection (IE) of the Muséum national d'Histoire naturelle (MNHN - Paris)
17cea35c-721f-4d9b-b67f-d29250064d25,Santa Barbara Botanic Garden Lichen Herbarium
83ad8494-136b-485a-87d4-8ce01dd6a8de,"University of South Carolina, A. C. Moore Herbarium"
e5f57bb0-07ec-4405-90b6-dc89647a1cb5,Brown University Herbarium
33b5b5e7-f4e6-435c-9e0f-bb264d58581b,Inventario florístico de los cerros San Martí y El Patol en el semidesierto queretano
1720ead7-9d20-4179-8998-2a59b8bfa8d7,"University of Northern Iowa, Grant Herbarium"
055a7f42-988e-4984-891d-9fac55be7515,Macroalgas marinas de Baja California Sur Parte I: Bahía de la Paz y Bahía de la Ventana
e1b03497-7632-4ba4-a9e0-dd230d06638c,"Yale University Herbarium, Peabody Museum of Natural History"
0e0e9bbc-1dea-4de4-95ae-aecc90844bbf,University of Michigan Herbarium
2fe72860-9220-4acd-894b-81b4d98a5e24,SLUI - Herbário Rosa Mochel
1ffce054-8e3e-4209-9ff4-c26fa6c24c2f,California Academy of Sciences
3602074e-1160-46a8-b796-349eb14b598a,Colección científica del Museo de Historia Natural Alfredo Dugés
0a410c4a-cd4f-4bd8-b6ba-a0c2baa37622,"Vascular Plant Collection, H.J. Andrews Experimental Forest Herbarium"
8b727955-5ef2-4339-b5af-e17177377470,Collection botanique Le Grand A. (BOUM)
b10b9eb2-3786-4483-8b73-3cfdf1a9eb90,Inventario Florístico de la Reserva de la Biósfera La Sepultura del Corredor Biológico Sierra Madre del Sur. Fase II
41350373-fc6f-4dd9-b908-27805fff9155,Boise State University Lichen Herbarium
cb33cf97-2a7b-4b45-9b73-5aca568332a6,Stover-Ebinger Herbarium (Eastern Illinois University)
b12b08da-3d05-4406-a051-0139a33ecf35,Eastern Nevada Landscape Coalition
6258d160-a7aa-4937-bce3-3538eebd374f,Duke University
8712f032-61a0-4257-85b2-091b1e871db5,Conocimiento de la diversidad y distribución actual del maíz nativo y Tripsacum en el estado de Tamaulipas
6f5f1bc1-997e-47bc-add6-64bc4a7769b9,Computarización de la colección de dinoflagelados marinos (CODIMAR)
2d2f8a69-b58f-4320-9cdf-8a7b87219fa4,SP-Bryophyta - Maria Eneyda P. Kauffman Fidalgo
7cea906d-ae65-420c-a6f7-a9a3ad64fb93,Butler University
959c0dc4-fcf3-477e-af63-c00a005dbc0a,"University of Hawaii, Joseph F. Rock Herbarium"
7ad07cff-f782-4ddf-b780-3a757cdb77e0,"Louisiana State University, Bernard Lowy Mycological Herbarium"
3f0c10ea-bbbc-4250-b8cd-8bf2c2f397d4,Evaluación genética y demográfica de Agave victoriae-reginae T. Moore y aplicación del cultivo de tejidos para su conservación
bd886680-593a-419c-ac6a-1f8bbc8f4c33,Conocimiento de la diversidad y distribución actual del maíz nativo y sus parientes silvestres en México
aca26f37-3ec8-4e9e-b927-50b4944a0096,North Carolina State University Vascular Plant Herbarium
dbd36c3b-ae05-414e-ada6-76aa7c52eb6f,"Colección científica de diatomeas bentónicas de la Bahía de la Paz, BCS"
6226705f-4867-464d-9fab-4e81ecee731f,Dickinson State University Herbarium
e34cf41b-196c-4199-85d5-4d2ca5954b09,Mecklenburg County Park and Recreation Herbarium
38c75faa-67df-46ae-bce8-331f46d46140,Bolus Herbarium Specimens Collection (1865-2009)
0bd3c741-55bd-4fd1-ae3c-4cbfd82ff14e,Estudio de la diversidad genética y su distribución de los maíces criollos y sus parientes silvestres en Michoacán
108cca70-4d1c-4882-843b-2d31ba8d6763,University of Nebraska at Kearney Herbarium
d4ea4495-c4b2-4d05-b524-163423f17cd7,Naturalis Biodiversity Center (NL) - Aves
651aaf03-f83a-458a-a69d-eb0f6a3e588e,Herbier Louis-Marie (QFA) - Collection de bryophytes
eb6e1b84-05ba-4e5f-9046-7cbc88d9b494,Estudio genético de las poblaciones de Rhizophora mangle en México
b531ea59-025d-4c29-9d23-99ae75bcd55f,Deaver Herbarium (Northern Arizona University)
a2a17035-1e6c-46df-9178-a610df825336,New York State Museum
88595487-6d33-4980-ba54-bcf427c9466e,Herbarium of Umeå University (UME)
6ff03009-ca7f-44fe-b207-18a98e862cc3,"Conocimiento de la diversidad y distribución actual del maíz nativo y sus parientes silvestres en México, segunda etapa 2008-2009"
8e5c6e53-4bb7-4540-b287-df79b94681c1,Actualización de las bases de datos de las colecciones de plantas vasculares y macromicetos del herbario de la UJAT
3f428108-a28d-435e-a1ef-de7ac1853087,Actualización de la información sobre los maíces criollos de Oaxaca
341611f4-8b65-4655-b244-9be91a1109cd,Georgia Southwestern State University Herbarium
0272afc1-36ee-4899-8c28-dde9d8a211d9,University of Massachusetts - Amherst
ee345eb5-ddeb-4afc-b8de-af6b873519ae,Flora genérica de las gramíneas del estado de Tlaxcala
7e43ea77-d2e5-4bdc-a4f7-a4792866f53f,Arizona Western College Herbarium
f1a78c0f-449c-45fa-9472-0b92cc2a58da,"Bryophyte Collection, University of Washington Herbarium"
f00b6a32-5337-406b-a850-17f5d78470ad,Field Museum of Natural History (Botany) Pteridophyte Collection
12018be6-3795-43a3-a073-a2b9d60c0af3,Rocky Mountain Biological Laboratory
7583a361-cd91-4d25-9bbe-d6760020c298,"Actualización de la base de datos de Cactáceas del Valle de Tehuacán – Cuicatlán (Puebla, Oaxaca)"
a2beb85e-f2b8-4366-8b3b-e5c5cc117aaf,MUGM Miami University Invertebrate Paleontology Collection
08524f6f-f3f9-4cad-9835-3fe3407ce026,Collection botanique Letendre (abbé) (BOUM)
85e930bf-6e90-4700-85d1-4c3330efbafb,Arkansas Tech University Herbarium
4c51ed21-26d8-4b3c-bc5d-e49bbee4fa6d,New Brunswick Museum
677f57a9-9a0d-4e69-8622-96aa1e6392c2,Bridgewater College Herbarium
bdaa6842-3055-465e-82f6-da577e987cde,VMNH SVDM Paleobotany
f630e3ea-697f-404a-8683-b86712c26c43,Southern Illinois University Herbarium
82672123-feef-4b1c-9ee3-9a681204ae76,HUCS - Herbário da Universidade de Caxias do Sul
ee9d38ef-c1db-44de-b8f2-62acb7049370,Bell Museum fungi
ef2cbc53-5a0d-414c-92a4-7951e5d7d7c6,"Macroalgas marinas de la Región de Zihuatanejo, Gro."
1b6bb28e-e443-4cd3-910a-c6c43849c2cd,Morphbank Small Datasets
37d4d085-d8be-4826-9bc4-c6a36557fa70,Oregon State University Herbarium
db6c3db9-1e6d-4def-af29-33aa0339bfa9,Carnegie Museum of Natural History Herbarium
70abba3e-5f2a-4276-87f3-261706e24453,BRIT Philecology Herbarium
5277e72c-9e53-4c98-85f1-ee413bc473cd,Navajo Nation Herbarium
0fb6618f-f8d6-4361-8b2d-0923d4aa3c09,Coconino National Forest Herbarium
02fceae6-c71c-4db9-8b2f-e235ced6624a,"University of California Berkeley, University Herbarium"
ac3660d8-492b-49d0-8652-c4f7100648b0,"Distribución, estructura poblacional y variación genética de algunas especies de pinos en peligro de extinción en México"
8783e947-93cf-4b60-b387-d10642b0eee0,Mote Marine Lab
de67ccab-7d04-43b9-8083-81e45f628505,"University of North Carolina, Asheville"
aac5fd7f-8043-4aa8-811f-e50de70d96f3,University of South Carolina Upstate Herbarium
e1e0f2cc-a50c-40d4-9031-c2d90a826247,The crustaceans collection (IU) of the Muséum national d'Histoire naturelle (MNHN - Paris)
1549b662-ec36-436a-8593-76f7642ec9e4,Dale A. Zimmerman Herbarium at Western New Mexico University
350ed733-b782-4195-a5dd-e61e5c82d837,Southwestern Research Station
667c2736-bcd3-4a6a-abf4-db5d2dc815c4,Condon Fossil Collection
910eadc8-8131-428c-b28a-91d0e2890f1d,"Delaware State University, Claude E. Phillips Herbarium"
e701ecce-f9ab-445f-afcb-24f279efbc9c,"Vascular Plant Collection, Eastern Washington University Herbarium"
384a1909-f66c-4551-9b26-ea985cd9ccd8,Utah State University Eastern
3a0d8092-c577-4775-a586-1542574edc53,University of Mary Washington Herbarium
011a5f7c-663d-4fed-b11e-58b3b6610005,"Bryophyte herbarium, Tromsø Museum"
5835f642-2560-4e3e-9c25-741a12cc3fe8,Kathryn Kalmbach Herbarium
8445ab25-ff89-44b0-90f8-bf0790f50afc,University of Alaska Museum of the North Herbarium
b33e9dc3-8e86-40ab-a0bd-d11d817ea370,Manual para la identificación de lianas en el campo
23655eb9-7798-4865-9a92-1dbbc609511d,"Computarización del Herbario ENCB. Fase II. Base de datos de los ejemplares de la familia Burseraceae y Nyctaginaceae y base de datos digitalizada de los ejemplares tipo de plantas vasculares del Herbario de la Escuela Nacional de Ciencias Biológicas, IPN"
dcc8c1ac-38c7-4ada-a389-f4aceeacb531,Actualización de la base de datos del Herbario de la Universidad de Sonora (USON)
d5c32031-231f-4213-b0f1-2dc4bbf711a0,"Vascular Plant Collection, Bureau of Land Management, Vale District Office Herbarium"
aa53dc91-0cf2-4714-a6e0-f00f9139dcd8,Southwestern Regional Forest Service Herbarium
c7ae0ade-c23e-4fe6-a3d4-79bd973374c2,Tarleton State University Herbarium
0f65c2e4-fc98-4a2c-bfbe-24de6ab1feb6,Computarización de las colectas del estado de Morelos depositadas en el Herbario HUMO de la Universidad Autónoma del Estado de Morelos
4ecc6eb6-5f2f-4b00-8d26-a58bfa0e7f02,"Estudio de la diversidad florística en la región de la Chinantla, Sierra Norte de Oaxaca"
151075fa-f464-4d76-9064-b24aa945b30f,"Estudio florístico, ecológico y etnobotánico, en el área natural protegida ""Tenancingo-Malinalco-Zumpahuacan"", Estado de México"
1a44dfa0-6a54-4584-8c57-d98669d7f033,Naturalis Biodiversity Center (NL) - Cainozoic Mollusca
ef967959-19e5-4e21-8821-89f822d3303b,"Inventario florístico de la Sierra de Huautla, Morelos"
26f7cbde-fbcb-4500-80a9-a99daa0ead9d,CAS Botany (BOT)
333ac26a-30bc-4e0c-a6ef-c57a40f6bd99,University of North Carolina at Chapel Hill Herbarium
c96ca51c-908e-41cc-ae10-ac1fb72ca3d9,BRFC Black Rock Forest Consortium Herbarium
347579f4-d44a-4c8e-a578-09c2a8132573,Brown University
58785b12-2f79-451b-a5c1-8d23f3f65733,PACA-Fungi - Herbarium Anchieta - Fungi Rickiani
c57817e7-034c-4796-ac47-2bc2191713b3,SPSF - Herbário Dom Bento José Pickel
bf9066a2-2c5f-4cf2-821a-1a68b4df5b1b,"Vascular Plant Collection, Portland State University Herbarium"
ecd540e2-b2b5-452f-b5e8-d54aac884f49,"Inventario de la vegetación acuática vascular de la reserva de la biosfera Pantanos de Centla, Tabasco"
fd66cee6-5310-4201-9949-0ea04a05b72b,HRCB - Herbário Rioclarense
cd7b335e-6f5c-4259-ba45-5e334a719464,Towson University
c1e2b821-96a2-422f-a1fe-7a53aaa2e9bf,Putnam Museum and Science Center
a6743a43-b86a-4265-9521-fad3a24461a6,University of Nebraska at Omaha Herbarium
9e5aede6-bee5-4a3d-a255-513771b20035,"University of Wisconsin-Madison, Wisconsin State Herbarium"
0dab1fc7-ca99-456b-9985-76edbac003e0,Indiana University Herbarium (Deam Herbarium)
8680bd09-df85-41cc-861e-dd33b6d04873,SJRP-Pteridophyta - Herbário de Pteridophyta de São José do Rio Preto
826420a8-3d4a-4cee-901c-f0f2ee9e00b4,PEUFR - Herbário Professor Vasconcelos Sobrinho
5a9ae910-9e4b-488b-af8e-88074fabc3a4,"Charles B. Graves Herbarium, Connecticut College"
0c15e83e-79ee-4ee3-86e3-e5f98a51dc11,"Utah State University, Intermountain Herbarium"
a748a0fe-a6ae-4ce7-b88f-4e4ec1dc080c,Milwaukee Public Museum
ea4794f2-b034-464a-b178-e895d97bb15a,ISE - Herbário ISE
5082e6c8-8f5b-4bf6-a930-e3e6de7bf6fb,LACM Invertebrate Paleontology
fe04dab1-5a3d-4c28-a450-012658e982d8,Archbold Biological Station
9ea3f46b-f7b9-4b2e-8d4e-a052fbe69de9,Depuración de la colección y base de datos del Herbario CICY. Fase IV
6e922c92-b37d-4c46-8982-19d945ff8fd1,Grand Valley State University
69d150df-eba4-4ab3-9156-71cb0db41830,University of North Carolina Pembroke Herbarium
55e724a4-336a-4315-99e7-01bf0c94f222,"Rutgers University, Chrysler Herbarium - Macroalgae Collection"
b803d3a7-34b4-447b-b239-2988a83181e7,R-Bryophyta - Herbário do Museu Nacional - Bryophyta
ca8f64d0-40d2-452a-b1b8-713a3861fe69,Base de datos del Herbario de la Unidad Académica de Agronomía de la Universidad Autónoma de Zacatecas
688b7731-d818-4063-b29d-666bd0024b8b,Inventarios florísticos en Baja California Sur (II): Vegetación costera
818674f5-af4c-43f0-82f1-69e66444e2e3,Conocimiento de la diversidad y distribución actual del maíz nativo en Nuevo León
bd61c458-b865-4b05-9f1f-735c49066e55,CAS Invertebrate Zoology (IZ)
bdf65f9c-a730-4083-bd8d-a2def3037637,University of Tennessee Lichen Herbarium
253f90be-3b94-469c-820c-cb727b85bdd4,BHCB - Herbário da Universidade Federal de Minas Gerais
dd783e7e-36d8-4fcd-b7fe-9a481d785560,"Mycology herbarium TRH, NTNU University Museum"
b4cce5b5-6450-443c-8988-a279b9cefaab,UFG - Herbário da Universidade Federal de Goiás
c892f8d1-108c-44f7-9458-0abb96633976,HUEG - Herbário da Universidade Estadual de Goiás
1701a75c-5a57-48c3-84c2-234a53f4c3e2,"University of Cincinnati, Margaret H. Fulford Herbarium"
5ddcbd44-1802-46b0-bae5-11126409c03d,University of Alabama
5aef068f-efd3-4851-a623-f542e97350cd,Australian Museum provider for OZCAM
fd14095c-3658-4e00-8cec-729a89459e92,"University of Vermont, Pringle Herbarium, North American lichens"
93e97f6c-0ab6-41a7-9b58-7e230a80ec1e,Keene State College Herbarium
97c1db9d-b3c1-4c05-9b55-e99c37773a29,"Colecta botánica: área maya región de la Reserva Calakmul, Campeche"
b2702e1a-0ec8-4618-8fea-3a51cf213d31,"Inventario ficoflorístico de las comunidades arrecifales del Parque Nacional Bahías de Huatulco, Oaxaca"
5af1bae4-35c0-4ab7-9d08-08bbe22ca003,US Forest Service Southwestern Region
de56670c-2032-4833-9a89-46f7d6a037c7,State University of New York College at Cortland
58402fe3-37c1-4d15-9e07-0ff1c4c9fb11,University of Wisconsin - Madison
b52c8127-5d40-4227-97b3-379ac874848c,"Conocimiento de la diversidad y distribución actual del maíz nativo y sus parientes silvestres en México, segunda etapa 2008-2009"
5f74a2b2-6453-446b-99c9-96702e2b4dd6,Hongos ectomicorrizógenos y myxomycetes asociados con Picea chihuahuana en la Sierra Tarahumara
a6966178-9495-4093-9cb2-dfed4acddde6,HBRA - Herbário do Instituto de Estudos Costeiros da Universidade Federal do Pará
bc13ff8e-6f31-4f3d-b47a-38e3ce8a2194,"Tulane University Biodiversity Research Institute, Royal D. Suttkus Fish Collections"
f4bec217-9676-4fc0-be90-856b4b89d4d1,Michigan State University Herbarium Lichens
c569e530-7322-40b8-9b66-1e0ed96fefcb,Desert Botanical Garden Herbarium
e8c034d5-c2c7-4f23-8dc0-7f94f4116306,HVAT - Herbário do Vale do Taquari
df1ba8de-421a-4031-a447-2a6a93f72fa8,Inventario computarizado de la colección de parásitos de peces del noroeste de México
063825dc-b8c3-4962-aea4-9994bcc09bc8,Boise State University Lichen Herbarium
ba54ba45-caac-4708-a389-ac94642976f8,"University of Vermont, Pringle Herbarium, New England vascular plants"
beab5209-9628-4d4d-851e-2bc9bb1a0105,University of Georgia Herbarium
e6eba8cd-fa2c-4ba2-bec0-6841e7633695,"University of Maryland, Norton-Brown Herbarium"
e78939ad-42a2-4908-b914-baf5a33fabe0,"Digitalización de la colección FITO-UBIPRO, de las enfermedades y sus agentes causales, de los cultivos agrícolas de la región centro de México"
caaa464d-e290-4761-8550-75edc6d00119,Intermountain Herbarium Lichen Collection (Utah State University)
2941b767-e90b-41b9-9627-6e589e0c0c85,"Northern Kentucky University, John W. Thieret Herbarium"
b2b294ed-1742-4479-b0c8-a8891fccd7eb,Robert K. Godfrey Herbarium  at Florida State University
d2c71720-e156-4943-8182-0a7bbe477a37,Brigham Young University
5f6fcfc2-598c-42e8-abb3-50ca9c2446e2,R - Herbário do Museu Nacional
fe52a17a-a7aa-4f95-a3ea-26fe640170fe,UFMT - Herbário UFMT
a9223e1d-7a81-4311-800e-211c5a1b8205,Sistema de apoyo a la toma de decisiones para la reforestación rural en México
176d536a-2691-47c4-95c1-c0d47d3abd48,University of Maine at Fort Kent
97058091-eb35-401b-b286-18465761f832,Delaware Museum of Natural History – Mollusks
d1f70494-b5d9-4c84-973d-e34445b7552b,JPB - Herbário Lauro Pires Xavier
5baa1d0c-cfc0-4c89-8e3e-7a49359b0caa,H.A. Stephens Herbarium
d6c6e57a-4ccb-4707-b87d-c91d01d6aa42,"Rutgers University, Chrysler Herbarium - Bryophyte Collection"
237bd113-32f3-4091-9710-4a1b074fe26d,New York State Museum
f4573d80-dd92-4337-9005-ba71e8a8563a,Living Prairie Museum Manitoba Herbarium (LPMMBH)
5d8e5fc0-facb-47db-8688-b0f9768238b0,Estudio de la diversidad de maíz en la región costa de Michoacán y áreas adyacentes  de Jalisco y Colima
a4babe52-5740-44e4-9ea2-acef4797f127,University of West Georgia Herbarium
751b5d4c-aba7-4c1f-b0a1-dfe2e9346d1b,Florística y biogeografía de algunos bosques mesófilos de la Huasteca Hidalguense: Fase II (Tlahuelompa y Eloxochitlán)
22436fe4-5049-4266-9849-335dd3f161aa,Howard Payne University Herbarium
6b2c3ca9-69ad-4316-a2d1-33399e9f547e,Morris Arboretum of University of Pennsylvania
b17204ee-8a17-4ba1-9e74-bfadca6dce08,BHCB-SL - Herbário UFMG - Samambaias e Licófitas
91a0a18a-3196-4f87-87b6-02c7f8a12996,Larry F. Grand Mycological Herbarium (North Carolina State University)
2bbafa00-3162-4e8e-947c-64a13b8d3fef,Valdosta State University
38db50bb-72f3-4416-aeb9-61457e655a6d,"OUPR - Herbário ""Professor José Badini"""
ec6cef7d-d8aa-43b4-b352-908f172a378e,Naturalis Biodiversity Center (NL) - Chelicerata and Myriapoda
687efa84-c549-4743-a193-72d198d8e19c,HCF - Herbário da Universidade Tecnológica Federal do Paraná Campus Campo Mourão
2d4658e3-0d1a-43fc-97ff-b4813dd1f86e,"Vascular Plant Collection, Craters of the Moon National Monument Herbarium"
fb4ff58a-9f16-4a42-af52-0d9a5f08f630,Patrones de variación espacial y temporal de la biodiversidad fitoplanctónica de los cenotes abiertos de Yucatán
90d6f994-d652-49d0-b6e6-924c65c4c079,Canadian Museum of Nature Parasite Collection
8dfc3d88-8f6b-4432-b69c-534717906004,Wartburg College
b62cf6c0-e046-4c3f-9765-d0e046072b0f,University of Maine Herbaria
028990be-11ff-4c6b-9684-59cb1e1c3ab6,"Flora de la reserva de la biósfera de los Pantanos de Centla, en el estado de Tabasco, México"
a9b8572c-ec86-4e6b-9ed9-03d939b7f363,SPFw - Xiloteca do Instituto de Biociências da Universidade de São Paulo
17fc477d-727e-4dde-99d6-ac440e937d14,FLOR - Herbário do Departamento de Botânica da Universidade Federal de Santa Catarina
e7016bd5-cb10-45b9-8959-0f5750f7a5db,University of West Florida
d5faeefc-956b-4724-ac1a-b46d489de01d,Colecta de maíces nativos en regiones estratégicas de la Península de Yucatán
139f2c47-4051-4c44-b95a-45fd20b1a8b9,Oregon State University
8d4fa68b-b9ab-43df-983f-d3284002107f,Conocimiento de la diversidad y distribución actual del maíz nativo y sus parientes silvestres en México
3872f27e-cf4e-40bd-b91b-ba7b723a86e5,BYU Herpetology Collection
656d1c9a-cbb7-4dde-ac24-62323af5b831,University of Guam Insect Collection
59efaf7d-60b5-4295-abb3-27ba42eb5231,Herbarium Berolinense
29b8da72-4420-4f65-b755-a006a23cf65a,"Auburn University, John D. Freeman Herbarium"
1c8ec291-8067-4b48-848b-410c2c768420,University of South Florida Herbarium
72f0493a-b4a7-4d0c-a3ea-dab177a95a61,"Base de datos de la flora de la Reserva de la Biosfera Chamela-Cuixmala, Jalisco, México"
c3115ab6-3a4d-465e-81e7-f06d4d6fd39a,Collection botanique Lamy de la Chapelle E. (BOUM)
d14d21fe-da24-47e5-81fb-4bfe962ce828,CHAS Botany Collection (Arctos)
9c5fea92-a28b-4b6e-94b5-9c939f7369a2,"University of Michigan Museum of Zoology, Division of Mollusks"
92e4e092-6dcb-46bc-85a0-dea8310aba45,Troy Herbarium Specimens from Morphbank
b6ebfa9d-fed3-4e0c-8877-47c1190f346c,FCAB - Herbário Friburguense
17ff84d1-e3e9-43d1-a746-745ef8d339d0,CEPEC - Herbário do Centro de Pesquisas do Cacau
3eb6d387-985a-4eed-be62-3fcfc26534cd,"Flora acuática vascular y de zonas inundables del área de protección de flora y fauna Laguna de Términos, Campeche, México"
5d307007-02e3-4c84-9e18-6356b50a5a56,HFSL-Fungos - Herbário Dr. Ary Tupinambá Penna Pinheiro - Fungos
2bfc480c-e5b3-4a9b-9587-a92c22830ace,RBw - Rio de Janeiro Botanical Garden Wood Collection
00049fe7-5ca2-4936-be50-c736221ef186,Herbier Flora selecta exsiccata publié par Ch. MAGNIER (BOUM)
67b5d248-4a1e-4861-bc2a-3ac7f379acde,SPF - Herbário da Universidade de São Paulo
feb74628-8724-466f-8c8c-b3d3b72f2417,Nevada Department of Agriculture Herbarium
9ae0d5de-ed81-4d76-88c8-2b980289f04a,"Inventario taxonómico de los hongos conidales saprobios del parque Yumka' en Villahermosa, Tabasco"
0e162e0a-bf3e-4710-9357-44258ca12abb,UF Florida Museum Paleobotany
9c1d51f2-067e-452b-a52b-ea7b03e50e25,"University of Kansas, R. L. McGregor Herbarium"
18c215c3-c02f-47e9-bb66-196c33c8f672,The Freeman Herbarium at Auburn University
767e0c9c-3747-4400-896e-26e2ee149b4a,"Fungus herbarium, UiB"
91c5eec8-0cdc-4be2-9a99-a15ae5ec3edc,Cornell Plant Pathology Herbarium
1eca069b-09e0-406d-9625-cb9c52e1e5cc,"Duke University, Herbarium Fungal Collection"
b0a3324f-849a-43bf-811a-9dd10f04806b,"Flora del Parque Nacional Pico de Tancítaro, Michoacán"
4830ffb8-669a-4717-bec8-2f2374f52120,Duke University Herbarium Bryophyte Collection
df22987f-d20d-41db-b8eb-8b5f5fca6df0,"UAM Herbarium (ALA), Cryptogam Collection (Arctos)"
99170e98-19d7-4e9e-abd1-4190c5d54b6f,Colecta de maíces nativos en regiones estratégicas de la Península de Yucatán
535d4a21-8650-41d0-b92f-b6c028db13e2,R-Tipos - Herbário do Museu Nacional - Tipos
8f689b8b-5b65-4638-9555-f2a5d237a624,Marshall University
042dbdba-a449-4291-8777-577a5a4045de,Emory University Herbarium
364a24d9-d4a8-4e0b-8e50-07b90f844548,Auburn Herbarium Specimens from Morphbank
e2def7e2-1455-4856-9823-6d3738417d24,Bell Museum plants
540e18dc-09aa-4790-8b47-8d18ae86fabc,Margaret H. Fulford Herbarium at the University of Cincinnati
3d4401cb-b3dd-48bd-912a-709bb4ecf5f8,St. Andrews University
2df867b1-89de-4539-8414-67c47a88f0c8,EFC - Herbário Escola de Florestas Curitiba
e77108de-88dd-4931-8085-0ea59d7ca4ee,University of Guam Marine Macrophyte Collection
c49bc91d-0a50-497b-8b17-d77808745cf9,Central Michigan University
1da2a87d-4fc7-4233-b127-59cb8d1ca5ee,University of New Hampshire
d598446c-2b25-4d5d-a983-99be53001203,Museums Victoria provider for OZCAM
00aa427f-2b32-4bd8-8bdc-ac46c0bf222d,Estudio de la microflora de los suelos de la zona de preservación ecológica 'La Uva' (Sinaloa) con vegetación de selva baja caducifolia empleando taxonomía molecular
2fe53355-8ec5-4d00-ac6f-85d49c2af7a4,Fort Hays State University Herbarium
908ccd97-c8e1-4c7c-9871-7a80e2940032,Flora y vegetación de la Sierra de San Carlos en el municipio de San Nicolás
ac8c109d-b69c-4359-87f4-8714f8c8a65d,St. Ambrose University
a2105c9c-b869-4637-8850-eb51ea6b1066,Montana State University - Billings
b3d53973-5bac-432a-90d3-7956baa09c5d,Indiana University Herbarium
7df4be6b-67e9-4c05-8cd9-f546bdcc54d0,IZIKO South Africa Museum Collection (1800-2013)
1f5a1b81-e361-4d65-ab1c-6fb7e30c9910,Virginia Commonwealth University Herbarium
1e86442f-35a5-4e7b-9a38-4599e4d3b510,DMNS Marine Invertebrate Collection (Arctos)
1e054b9b-0193-4ff3-b623-9264cf982d4d,"Vascular Plant Collection, Southern Oregon University Herbarium"
30a62ff2-0323-46a5-8441-88eb1b572a14,"Estructura poblacional, variación genética y conservación de tres especies del género Pinus, endémicas de México"
d78d13a7-3852-4244-ba34-86ef5765fa99,"University of Massachusetts Amherst, Herbarium"
27b2b46f-4cae-4ffa-870d-b17e51d627f2,"Mycology herbarium, Tromsø Museum"
2936c837-ad9f-40d8-bea0-58b2a635c637,Bell Museum algae
c38b867b-05f3-4733-802e-d8d2d3324f84,UF FLMNH Ichthyology
e0e37702-32af-405b-b652-ee54b5bb94e2,University of Illinois Herbarium
341da8fa-d049-46ee-9be8-463043f26fa7,HUEFS - Herbario da Universidade Estadual de Feira de Santana
ea038139-f569-477f-a168-9b26d3f49f1d,"Conocimiento de la diversidad y distribución actual del maíz nativo y sus parientes silvestres en México, segunda etapa 2008-2009"
f3ee2661-268a-48dc-b931-b9429d5674f4,UB - Herbário da Universidade de Brasília
de7bcb30-71ad-474d-aeed-ee384dc0bf04,HAS-Algae - Coleção Ficológica do HAS
2ba96485-62cd-453c-a317-e7c220b7202e,Herbário do Museu Nacional
e4ff51ba-5007-4c40-9a86-e8c6f4db77b7,University of Nevada Herbarium
c1fa848f-ec37-4cdb-930b-c38de2ae63e6,Western Australian Museum provider for OZCAM
5e8863ea-56ec-40f3-8075-d42b35d12e72,University of Arkanasas Herbarium
83fede4d-f1d0-4748-84e5-f24083c7ba3c,HSU Vertebrate Museum Mammals Collection
a6eee223-cf3b-4079-8bb2-b77dad8cae9d,NMNH Extant Specimen Records
40987883-03cf-494a-a5cf-7c77c7aadb79,Shirley C. Tucker Herbarium at Louisiana State University
c9bff84f-8de4-43e6-b195-f515f187a68a,The reptiles and amphibians collection (RA) of the Muséum national d'Histoire Naturelle (MNHN - Paris)
06f009f9-6f9a-4391-97ed-85f4d9fb3df0,"Estudio monográfico de los gasteromicetos del noroeste de Baja California, México. Provincia Californiana"
fb4cc282-eba5-4156-b7c7-df41e0581b68,"University of South Carolina, A. C. Moore Herbarium"
bb83e45d-1ed3-41ed-834a-f0f7cff4c464,Brock University Herbarium (BU)
d1983d53-434a-436e-a698-3a2745eb61dc,"Vascular Plant Collection, Bureau of Land Management, Medford District Herbarium"
212dcc45-bf5b-43d8-a804-3351c04c2f7a,HTSA - Herbário do Trópico Semiárido
2b21081c-d5e9-49bd-b29a-0b6e4a551b78,MFS - Herbário Profª. Drª. Marlene Freitas da Silva
9ef17d55-0498-44cf-9da4-dde3e3acb570,Bell Museum bryophytes
b7704325-2dfd-4fcf-8193-01b5bdce825d,"Biodiversidad vegetal de la parte alta oeste de la cuenca del Chuviscar, Chihuahua"
1a70a966-b196-4e05-8e87-5072e6da023f,Niveles y patrones de variación genética del género Abies en México
1ad40bde-8a2a-46bb-9252-0cdc53df5683,"Willard Sherman Turrell Herbarium, Miami University"
71b8ffab-444e-43f9-9a9c-5c42b0eaa5eb,CM Vertebrate Paleontology Collection
4900d7ce-9442-4305-9889-c9cbbb953eaa,"Wesley E. Niles Herbarium, University of Nevada, Las Vegas"
ccba425a-25e0-4d94-8fde-3890be03ae1b,Evergreen Natural History Museum
41b166d5-ce08-4efe-99fc-6df77d8fe29e,MAC - Herbário do Instituto do Meio Ambiente do Estado de Alagoas
e5b0c46a-5eb6-4b94-9d4c-fb1000f534b0,"Miami University, Willard Sherman Turrell Herbarium"
99b04c9f-908e-42bd-92bc-41aa94b72949,Morton Arboretum
6aaea1e9-290d-4886-b41b-a3a4c76dbd92,"Colección, preservación y caracterización de cultivares criollos de origen español de trigo y centeno de México"
7a31ab80-1cc0-4456-9dea-61c2e9031a6f,"Rutgers University, Chrysler Herbarium - Mycology Collection"
09a3fcf2-55a1-488f-aa42-f103bdce0536,University of Illinois Herbarium
0fd6e726-6828-4f62-ba8d-6ec316fe0b52,"Vascular Plant Collection, University of Idaho, Stillinger Herbarium"
c8eeddef-b903-4aa3-a0fb-44344b8bf301,JOI - Herbário Joinvillea
be72355e-a5d6-4094-8635-0127dfb510aa,"Plantas vasculares de la Sierra Tarahumara -listado florístico, etnobotánico e histórico-"
df516dc6-6ef0-426d-94e3-8a2bbb0439a5,University of North Carolina at Chapel Hill Herbarium
bedde734-0fa1-49c4-8d97-f3b3e9bfb9ab,Flora del Valle de Tehuacán-Cuicatlán: II Fase
92f0b5e8-27b5-48ae-be72-616657821f7b,HFSL - Herbário Dr. Ary Tupinambá Penna Pinheiro
cb2973af-0d5a-4fbf-80ab-ec96ede33ef0,South Dakota State University (C. A. Taylor) Herbarium
6cab4420-11e4-4b55-85ac-6ecfdda70184,"Yale University Herbarium, Peabody Museum of Natural History"
ba0cbea4-9a25-49de-bfb4-02201b392f5e,"Flora acuática vascular del área focal Felipe Carrillo Puerto, Corredor Biológico Sian Ka'an-Calakmul, Quintana Roo, México"
745caa9d-02be-4a67-a142-103282aa0bda,Catálogo y base de datos preliminar de la flora de Sinaloa
4c20f76b-dae3-4980-985d-6c67602dbcf7,Dinoflagelados bentónicos del Arrecife Mesoamericano: Caribe Mexicano
8a54c5fa-2900-4859-a2d6-1b7faedafac4,Wake Forest University
62254613-2696-4834-8c58-5c465f70df56,University of Wisconsin - Madison
953b0329-c3e4-4816-a038-7afbd2bb2547,RB - Rio de Janeiro Botanical Garden Herbarium Collection
e23109b4-e143-437c-b329-3dff7cb35488,"Appalachian State University, I. W. Carpenter, Jr. Herbarium"
e2b852a7-66e6-4115-bd49-982d8d6df6ed,Banco de información sobre características tecnológicas de maderas mexicanas
0ec58818-0c78-4804-a899-632f103371d8,SJRP-Bryophyta - Herbário de Bryophyta de São José do Rio Preto
4cd8e87c-93b6-41cc-9189-50585cdb0518,HURB - Herbário do Recôncavo da Bahia
f5d395b8-c3c9-43df-b4ff-63d65c6a971e,East Carolina University Herbarium
2055f2a0-475f-41a6-a721-b5036659f22a,Establecimiento de la colección de levaduras marinas de México
b9d08bac-6b78-484b-9a96-da61552f53a5,JOIw - Xiloteca Joinvillea
093030d9-a124-42a8-8cf3-8c6904fefbe7,"Algae Collection, Friday Harbor Laboratories Herbarium"
d2b966fd-f02a-4bce-a815-35deea5fce1c,Códigos de barras de hongos ectomicorrízicos de localidades selectas del neotrópico mexicano
96a6898e-1fb6-4c49-a1f2-afb96058dbf8,Amphibians and Reptiles collection at the Natural History Museum of Denmark (SNM)
e794b292-4a94-471e-ab84-6aaef1fea1b3,"George Mason University, Ted R. Bradley Herbarium"
f4214a7a-6793-48e0-ac41-9baff83096d3,Illinois Natural History Survey
f8866892-56a0-4f46-9583-6719d42d81de,ICN - Herbário do Instituto de Ciências Naturais
2148b4f7-a770-4bca-b276-da70ae948690,Canadian Museum of Nature General Invertebrate Collection
e1520949-52f7-45ca-abe9-7b55c406ea2d,Biodiversidad del microfitoplancton marino en la zona económica exclusiva limítrofe del Pacífico central mexicano
0bffd75c-2c42-4119-bae7-1ca6d8eb4d1a,IRAI - Herbário do Parque da Ciência Newton Freire Maia
7781cb6c-e687-4632-a8d8-b1a593689cb5,Monitoreo y recolección de la diversidad de razas de maíz criollo en la región de la Huasteca en México para complementar las colecciones de los Bancos de germoplasma de INIFAP y CIMMYT
1da8098a-1e82-4b8b-bf81-d30e423cdaba,"Inventario florístico de la Reserva de la Biosfera Mariposa Monarca, México"
2ee56f8c-db1d-43aa-bfb7-3fb2a19601df,University of Wisconsin - Eau Claire
858a7761-82a5-47df-8e8a-dbc8806cf424,Lund Museum of Zoology (MZLU)
cd5bc13d-ee5c-4b68-a550-37edb3e7899d,R. L. McGregor Herbarium Lichen Collection
1db8b527-7713-405b-b7ec-bc824580ccc6,Oregon State University Herbarium
6ed17163-76e1-48f1-9ccb-19cc462c2639,Eastern Illinois University
c5916431-004f-465a-a505-589e2de29c8b,"Algae herbarium TRH, NTNU University Museum"
a16dc8d8-ff4a-4d62-a684-2937fb292b8d,"Longwood University, Harvill-Stevens Herbarium"
361efdf7-9845-411c-90bd-e51ec7991e87,HEPH - Herbário Ezechias Paulo Heringer
98ece30d-bf85-4122-b872-7786031b457f,Georgia Southern University Herbarium
f1cf8457-237e-487a-9d13-5de7d81b9de4,University of South Florida Herbarium (USF)
3a5b5c9b-b241-4883-904a-b167a7edb41a,Naturalis Biodiversity Center (NL) - Paleontology Invertebrates
1d17fdad-d338-4ae0-9232-dbf18eaf9f66,University of Memphis Herbarium
414a5bf5-061e-4e47-8410-0f76a04f7d1d,"Vascular Plant Collection, Pacific Lutheran University Herbarium"
8f11280d-8a77-464e-b59a-4b91d260d451,Base de datos de la familia Fagaceae en el estado de Hidalgo
837d99c6-3045-4ba3-8951-643ddb3d6676,University of South Florida
07c47dd3-a0a9-434a-b144-71c32996f278,University of South Florida Herbarium
1fc07b28-43f5-49d1-badf-63005e1c3e9a,Texas Lutheran University Herbarium
f0bb124f-5840-41ea-98ab-b8fd8802ea5f,MOSS - Herbário Dárdano de Andrade Lima
e6c164f8-ddcd-4649-bd26-b653c8bf4ee2,Distribución conocida y potencial de 48 especies de hongos silvestres comestibles en la región central del país
7915973f-a3b0-4d2c-86e7-02d40647393c,"EAFM - Herbário do Instituto Federal de Educação, Ciência e Tecnologia do Amazonas"
4a8b7fc9-cbc2-45b3-806f-73cc6a13c369,Herbier de l'Ecole Normale de Bourges (BOUM)
3027c437-cdb3-4072-9410-5a46ec3b1fd5,"University of Vermont, Pringle Herbarium, vascular plants excluding those from New England"
fb7db48e-1599-420e-8f10-1f20fe1c6aa3,"Bryophyte Collection, Bureau of Land Management, Medford District Herbarium"
314f66a9-2b8f-4085-b10c-0f083ce2f1eb,"Michael I. Cousens Herbarium, University of West Florida"
90739622-5232-4048-8121-9af9ec69604f,Orville Bissett Herbarium
994b60a2-88f1-49ec-a6da-27d56dfa6f16,"University of California, Davis"
42f0b085-b821-4190-b826-1508855ae49b,Estudio demográfico y genético de Desmoncus quasillarius Bartlett (Arecaceae)
d07e7b8a-2222-477f-a7f3-f098bbfdaf54,Eastern New Mexico University Herbarium
710a8a54-783c-41aa-ad9a-05544cdb4c55,"Royal Botanic Gardens, Kew - Herbarium Specimens"
899855ee-4fd9-4e85-9033-880058303b5c,HST - Herbário Sérgio Tavares
902f9e08-9180-4f12-97b6-d8662f2b583f,"Base de datos de las regiones prioritarias 113 y 120 en los municipios de Zirándaro y Coahuayutla, (Guerrero)"
78bb515d-4508-45d6-94e2-e53638ce2fe4,HERBAM - Herbário da Amazônia Meridional
e9b69a0a-497d-4201-b114-51519a4dfef9,The fishes collection (IC) of the Muséum national d'Histoire naturelle (MNHN - Paris)
4790a6a0-ce11-4cd8-8cad-4b2032a55c1b,Naturalis Biodiversity Center (NL) - Pisces
d90e8316-2649-475e-a8c0-80130dab1fd2,NCSM Non-molluscan Invertebrates Collection
02ff95c9-5a14-459f-a2e4-7f93d87a7559,"Entomology, Natural History Museum, University of Oslo"
dfd53a42-8f63-4040-93a5-3f1347ce7686,T. L. Esslinger Herbarium
8057906f-17c9-4e25-b173-4e7fb938078b,Canadian Museum of Nature Herbarium
0072bf11-a354-4998-8730-c0cb4cfc9517,University of South Florida Herbarium
b8508402-51fe-42a9-90ea-8ff9eff7eed2,"Diatomeas (Bacillariophyceae) y dinoflageladas (Dinophyceae) frecuentes en el Pacífico mexicano (costa oeste de Baja California, Pacífico centro y sur)"
28a8561d-4699-4c90-823b-686d6207d675,UFP - Herbário UFP - Geraldo Mariz
7ae4d15d-62e2-459b-842a-446f921b9d3f,"Paleobotany Division, Yale Peabody Museum"
3998ec8d-4aae-46db-9370-179c19b69356,"University of Wisconsin-Stevens Point, Robert W. Freckmann Herbarium"
604e4359-00b5-467b-89c0-a979abb5485e,"Computarización de la colección de hongos de ECOSUR, en el estado de Chiapas"
8456dc3d-99e2-407c-ab55-4746d382496b,"Lichen herbarium TRH, NTNU University Museum"
f062cb7d-c03e-4762-b1c4-49118fee1a56,The fossil collection (F) of the Muséum national d'Histoire naturelle (MNHN - Paris)
2292f5d5-d39f-4944-be72-fa5dd62f581c,Queensland Museum provider for OZCAM
a5fdee09-34c4-48bc-99ff-a503c93a9d7e,North Dakota State University Herbarium
d3dbe69e-8e8a-4849-9fb1-1bf5c3786f70,Waite Insect and Nematode Collection
7a8d946d-083f-4d2a-9cc9-cd590398194f,"Yale University Herbarium, Peabody Museum of Natural History"
d38fd1e8-bc15-46b2-92d5-5f3df98cff53,Gothenburg Herbarium - General (GBIF:IH:GB:Herbarium)
53091d18-f173-4fc0-b9d9-20a1494e2466,The cryptogamy collection (PC) at the Herbarium of the Muséum national d'Histoire Naturelle (MNHN - Paris)
abbf4722-c63b-492f-b183-cb45ad9f5211,Invertebrates Collection of the Swedish Museum of Natural History
7e44229a-e8fa-4570-ada1-0cd7843a66d7,Hope College
ccd17772-d220-4088-8fa3-df3729f14df4,Field Museum of Natural History (Botany) Bryophyte Collection
46374ee7-7c70-48d8-bf16-2e6c1626565e,"San Francisco State University, Harry D. Thiers Herbarium"
37287863-bf14-438e-a194-cc2ee7ae24be,Incremento de los bancos florístico y etnobotánico de la Península de Yucatán
8b196eb7-1fbf-4eac-9f58-1fccae076f7f,HVASF - Herbário Vale do São Francisco
b3f10d7b-6763-4f79-9789-f6abc68b9720,Fairchild Tropical Botanic Garden Herbarium
64541d64-d190-4c41-aabf-03d6cce9f3fe,Conocimiento de la macroflora marina de interés económico de las Costas de Yucatán
4bec11d1-f8c3-43a7-9e70-ee0256fcedaf,Duke University Herbarium Algae Collection
e7301984-8b46-4932-b670-21c231ae4c01,HUFU - Herbarium Uberlandense
2f740a87-8049-435d-9d06-1c393c9c11b7,"Ohio University, Bartley Herbarium"
15e04168-22cc-4283-9042-247ab053c7ca,Albion College
6ac89a16-4604-4a78-9047-dcc57e5c0130,Morton Arboretum
5e893602-84ca-4c8c-bac1-99111c777582,Texas Tech University - Invertebrate Zoology
3617a6a3-d384-48de-948d-2d1e1c54e090,UAM Invertebrate Collection (Arctos)
5ab5f23d-292e-4bea-ba06-12db0f8a8c86,University of Wyoming Rocky Mountain Herbarium
2e185eda-1790-45e3-88d6-261304c37ed4,Natural History Museum of Denmark: The Herbarium of Lichens
5e29dbcc-ce45-4f05-9bb0-212baffa8932,"University of Mississippi, Thomas M. Pullen Herbarium"
a8cafd75-ca3b-42c6-8b8e-52aafa15753b,"Bureau of Land Management, Las Cruces District Office"
ccb7a859-069a-49d4-962c-8e43037bd18d,"Conocimiento de la diversidad y distribución actual del maíz nativo y sus parientes silvestres en México, segunda etapa 2008-2009"
a4378725-7967-47bc-aada-0220e02e1f96,"Vascular Plant Collection, Whitman College Herbarium"
57a6bf5f-cda1-41fd-8c12-804c95f74841,BOTU - Herbário Irina Delanova Gemtchújnicov
1ebb0c8e-31f2-4564-b75d-65196bee4f09,KUBI Vertebrate Paleontology Collection
3d2b5be0-7c1d-4693-9226-94bc0061123b,The Freeman Herbarium at Auburn University
401fec56-515d-4fa8-87d1-507e742f4f6f,"University of Vermont, Pringle Herbarium, Macrofungi"
7e4aacd3-0a24-49ab-b019-518b7069b682,Staten Island Museum
10290664-644c-47d2-bf5a-49be94566fdf,La colección briológica del Herbario Nacional (MEXU). Actualización 2000
abe3903e-ceba-4864-aa5d-bd985c70fa21,George Safford Torrey Herbarium
3420d3d5-f142-4db6-951c-5d37cb72ce53,VIC - Herbário da Universidade Federal de Viçosa
fdf7bb59-aad2-4f10-879f-6c0e7d3baa64,"Denver Botanic Gardens, Sam Mitchel Herbarium of Fungi"
a1b2bdfd-00c7-4c31-8046-2c991ca777d0,"BOTUw - Xiloteca ""Profa. Dra. Maria Aparecida Mourão Brasil"""
8fc08919-1137-42e4-9fa5-9e64f1e5757b,"Vertebrate Zoology Division - Ornithology, Yale Peabody Museum"
62c310ac-e1ff-47bc-860d-0471a84ed0d3,Invert Paleo Specimens
664bd710-8791-4dba-a3b6-000a1b140951,"Pittsburg State University, Theodore M. Sperry Herbarium"
86b2bfc9-ca99-4250-b93a-f86f3777236d,University of Rhode Island Herbarium
1ba0bbad-28a7-4c50-8992-a028f79d1dc5,University of Florida Invertebrate Paleontology
5a660a44-afdd-45ac-8c48-1a6c570ce0b5,Institute for Botanical Exploration
35c43eda-1f4a-4713-bb69-e3fbe1bf792f,"University Herbarium, University of California, Berkeley"
2e4ccf50-bb7d-43a6-9640-088b248c2c5a,Utah Valley University Herbarium
91f4f1c9-37e3-430b-8020-f8d65af8e422,MPUC - Herbário do Museu da Pontifícia Universidade Católica do Rio Grande do Sul
72161544-62e7-4e30-b399-ac8115c3a250,"Flora útil del Municipio de la Huerta, Jalisco"
f9a33279-d6ba-41c7-a511-ef6adfcb6e20,University of Florida Vertebrate Paleontology
72059315-e131-42ba-b7c6-489415e297b9,Bell Museum mollusks
026a4216-957a-4efb-acf1-506499ec474e,The birds collection (ZO) of the Muséum national d'Histoire Naturelle (MNHN - Paris)
ea3c3b03-0ed5-42fc-b192-7328459ea04a,Banco de datos florísticos del Herbario CHAP
e86d229d-b29c-458c-b01a-f4112270567e,La familia Asclepiadaceae en México
570dcca6-a84f-43aa-8053-1a2ac60d9ead,Western Carolina University Herbarium
8400a716-0aef-4131-9e79-c8ad81d244ad,Marion Agnes Ayre Herbarium (NFLD)
4efa66cf-8adb-414b-b78c-8e651d20f84d,"Texas A & M University, S. M. Tracy Herbarium"
afd773b8-280f-4a0f-98a7-7977b7e1ca24,Propuesta para sistematizar la colección palinológica de polen reciente y fósil del IGLUNAM
974f7564-a7fb-409a-bb67-35b7cafec327,Naturalis Biodiversity Center (NL) - Collembola
d0769c31-e4f1-42b1-a21f-cd6bf2257edb,Queen Victoria Museum Art Gallery provider for OZCAM
0b17c21a-f7e2-4967-bdf8-60cf9b06c721,Consortium of California Herbaria
ea9de87b-7231-4a05-809f-4b658ea4173d,"Vascular Plant Collection, Reed College Herbarium"
0bada388-4adf-4b8c-b733-0a1bfc7c233c,Evergreen Natural History Museum
cf641fbf-fa31-481a-993b-9204f2ee1884,"Iowa State University, Ada Hayden Herbarium"
d4711660-a622-4c15-adb8-608b7ac6a084,Florística de la reserva de la biósfera de Mapimí
af4f13cd-f1e8-4e18-ac7a-b0aeee90c749,Gothenburg Herbarium - Types (GBIF:IH:GB:Herbarium)
c9dad611-5e60-4456-934e-75b0e0842ddd,University of Central Florida Herbarium
275a8cea-1c34-4580-a030-4f58e680605c,"Etapa final de la captura y catalogación del Herbario del Instituto de Ecología, AC, Centro Regional del Bajío"
6d99bdeb-a96f-47bf-8e28-ce1093347335,HUESB - Herbário da Universidade Estadual do Sudoeste da Bahia
f5c38252-89f1-4753-af3a-da8818fe3a86,"Tri-Citie Collection, Washington State University, Tri-Cities Herbarium"
0038ce2e-43bb-4f70-8dd6-dca34efd3fca,Old Dominion University Herbarium
da067ad9-b545-4701-aa3b-8d2990f8c1c0,"Lichen herbarium, NMBU"
40250f4d-7aa6-4fcc-ac38-2868fa4846bd,Arizona State University Vascular Plant Herbarium
87c45c90-ba1d-409e-a9d7-9baf5a5cbb1c,CAS Entomology (ENT)
d53132e6-7997-4850-8607-4fec5a3f9c3f,University of Tennessee Vascular Herbarium
6fac4ce7-3c5d-4b97-974e-c3c87fee96da,Estudio taxonómico del género Quercus (Fagaceae) en el Estado de México
b1549ab7-5fc7-4966-a210-0846484fb171,TEPB - Herbário Graziela Barroso
5626f61a-822e-4692-b432-51f53d053e4d,Field Museum of Natural History (Botany) Fungi Collection
fc7b78d7-82d4-4648-8185-87a0ba209c20,The molluscs collection (IM) of the Muséum national d'Histoire naturelle (MNHN - Paris)
c004cf67-eafc-49f9-99bd-b8198e2234ed,Naturalis Biodiversity Center (NL) - Hymenoptera
4b92de1f-866d-4b82-af69-37d46753f289,Ada Hayden Herbarium at Iowa State University
08fdc20d-be37-4dc4-97ef-abddffdc825a,"Estudio ecológico-florístico de los enclaves de vegetación xerofítica inmersos en una selva baja caducifolia en el Istmo de Tehuantepec, Oaxaca"
a89f64ab-8b3b-4267-b18a-3207d25a45ad,HPBR - Herbário Padre Balduino Rambo
f84d528a-7d08-467e-b532-ace707316f1d,"Vascular Plant Collection, Boise State University, Snake River Plains Herbarium"
bf1fee2d-f760-4068-b8e6-d1db63ce434c,MBM - Herbário do Museu Botânico Municipal
55ddd3f9-0e9a-40e8-9e8f-d3a3ab871434,Flora vascular y endemismos de las partes altas de varios macizos montañosos de Querétaro y norte de Michoacán-1ra Fase
75e3aff5-b3d0-45c3-835c-5ffde192c63f,The Lepidoptera collection (EL) of the Muséum national d'Histoire naturelle (MNHN - Paris)
f778ecc0-8371-49d5-9ab1-9d75f0b76fad,Lund Botanical Museum (LD)
bf5b0620-1ff0-45af-a2eb-96f3c739edf2,UESC - Herbário Universidade Estadual de Santa Cruz
b590be71-5a03-4f29-bcd4-e91c1b876137,Base de datos de la distribución de la flora de la Reserva de la Biosfera Tehuacán-Cuicatlán
9cd34069-24ca-4ae8-9c10-78ccfac6523d,"Base de datos computarizada del herbario CIB, Instituto de Investigaciones Biológicas, Universidad Veracruzana"
0dabd609-2505-4492-8b7a-3f8301d8d5e1,University of North Alabama
41b119de-f745-482d-be42-a0155bc76e5d,CMC Cincinnati Museum Center Invertebrate Paleontology
3f508496-c860-4701-93e4-84e940c8395e,Bell Museum lichens
3fe3a250-0f48-4a9b-bb71-36d798694912,HUFSJ - Herbário da Universidade Federal de São João del-Rei
52fa1dc5-5184-45d9-ad4a-5c2e715c6da5,Proyecto para compatibilizar el inventario de biota edáfica BGBD con el Sistema Nacional de Información sobre Biodiversidad
b880344e-22b2-4540-a56a-1de5f5601a20,University of Michigan Herbarium
a50e98bd-13e9-41fe-a5cc-aee4f240628b,Hillsdale College Herbarium
a83151ae-e1db-4166-9dde-438f6544dca9,"Colorado Mesa University, Walter A. Kelley Herbarium"
471835cc-feb6-4d05-a8d1-62ce71399326,"Virginia Polytechnic Institute and State University, Massey Herbarium"
f42a9828-c1d2-47a1-afac-7138e62b3fb1,New Mexico Natural History Institute Herbarium
7110b8ba-0ead-4666-8279-e30f53e343d0,Academy of Natural Sciences of Drexel University
96662fa9-ff60-495b-912a-284f3b98ed72,University of New Mexico Herbarium
a5d9992f-ebbb-457c-b56a-b6cd0429e2d6,Naturalis Biodiversity Center (NL) - Echinodermata
2c00d087-1df6-4744-807d-056be36eed0d,University of California Santa Cruz Fungal Herbarium
c3f05887-ffa9-44c4-b1af-e38fea5557bf,Naturalis Biodiversity Center (NL) - Diptera
4523e216-ee13-4b15-a3f7-a6fd56431604,"Louisiana State University, Shirley C. Tucker Herbarium"
9d2a4189-6048-46e9-bac4-e5ef566334bb,Montana State University Herbarium
fe51bced-93ce-45b2-b0c6-f7256719a07b,CVRD - Herbário da Reserva Natural Vale
f1512610-8631-475c-875a-a634191a9715,Caracterización biológica del Monumento Natural Yaxchilán como un elemento fundamental para el diseño de su plan rector de manejo
5076f892-a05d-4018-9c2c-d537a22095af,Uso y monitoreo de los recursos naturales en el Corredor Biológico Mesoamericano (áreas focales Xpujil-Zoh Laguna y Carrillo Puerto)
f93c403b-d0f0-4be1-8a4b-ed9aa3b513e3,CHAS Entomology Collection (Arctos)
62f951c1-b6a8-430c-8652-5691f079152c,Illinois Natural History Survey
bbf5f8ed-f33f-40ba-9d0d-1c24dfec4193,"University of Nebraska State Museum, C.E. Bessey Herbarium"
120d557c-c5be-474d-98f0-1ba00ae16b40,"University of Tennessee, Chattanooga"
253a8fd3-899b-42e9-abf6-db86c6528808,El género Bursera en México. Parte II
a0ec3ce6-fc8a-48b7-9105-cecf27602e37,Weymouth Woods Sandhills Nature Preserve Herbarium
14312086-24f8-453a-be6f-d7a0c796a116,AM: Freshwater Invertebrates (1900-2005)
3e5a9f79-297b-497d-84eb-97e0d1e5c2bf,ALCB - Herbário Alexandre Leal Costa
b4154ce7-8145-4fd8-92ed-edd124d53730,EAN - Herbário Jaime Coelho de Moraes
85955977-70f6-4203-93cb-c8958339dab5,Fitoplancton marino frente a Baja California. 2. Áreas de surgencias de la región Ensenadense
df6fb7be-235f-4f01-9079-a5fb25ede1e0,"Etnomicología en la Sierra de Santa Marta, Veracruz"
10b23c8c-6a68-456c-a300-5401a49600af,Diatomeas bentónicas de los oasis de Baja California Sur
4db72a36-c08b-4a6b-8c68-ab45ebb0efce,Black Hills State University Herbarium
ce98b978-4542-45c6-aecf-79cf3f6979ed,Ájtte Collection
e39f6dee-f2cf-4eff-afc9-4600cafe660c,Academy of Natural Sciences of Drexel University
ab820732-0844-4323-ba14-c58c24f3fc7e,University of Michigan Herbarium
7644703a-ce24-4f7b-b800-66ddf8812f86,"Albion R. Hodgdon Herbarium, University of New Hampshire"
9421b646-df94-4227-9779-4e2d04c20efd,"Conocimiento de la diversidad y distribución actual del maíz nativo y sus parientes silvestres en México, segunda etapa 2008-2009"
9b725e43-93c9-423b-adf8-a11d08a83d13,"Vascular Plant Collection, Montana State University Herbarium"
58afd7df-a696-4dd6-a765-540f8b31c07d,"Vascular Plants, Museum of Archaeology, University of Stavanger"
6b546055-ecf5-40dd-a091-67fe6f9531f4,"Plant Bug Planetary Biodiversity Inventory Project PBI: Phytophagous Insects as a Model Group for Documenting Planetary Biodiversity (Insecta: Heteroptera: Miridae: Orthotylinae, Phylinae)"
264c48ec-8636-451f-a7e0-74131bc6f84c,Clemson University Herbarium
7450a9e3-ef95-4f9e-8260-09b498d2c5e6,Harvard University Herbaria: All Records
b7a5dadd-7429-489b-9b3b-72abcd9518a3,Ely BLM Herbarium
199dc2c5-b3fb-40e4-bbbb-0b5ef2bbf777,"Flora polínica de las llanuras de Sonora, al sur de Hermosillo"
ea9d9c05-11b3-4514-898e-66bd8560ec5b,"Robert F. Hoover Herbarium, Cal Poly State University"
d100843b-d592-4024-8d15-fb1d8e218acd,Naturalis Biodiversity Center (NL) - Porifera
7026b70a-7245-42bd-8162-81ae9a6cfbcb,Maryland Department of Natural Resources
8f62e9b0-96e5-4d64-8008-b2b8692050db,Naturalis Biodiversity Center (NL) - Brachiopoda
5975bbda-cd92-4084-8a09-ce1e28e6164f,"Plants, herbivores, and parasitoids: A model system for the study of tri-trophic associations project"
ba08b40c-8f92-4bc4-b3f3-84a63590fbae,Distribución y algunos aspectos ecológicos de hongos hidnoides estipitados de México
9b27c2f1-8b0a-4482-8424-8a9bb3bf0cf9,The Coleoptera collection (EC) of the Muséum national d'Histoire naturelle (MNHN - Paris)
d29b9265-07e6-4e73-8f72-fc42d3d83fb1,Duke University Herbarium Lichen Collection
7c1ff9a0-1532-485d-96c8-57076e2713ce,Diatomeas (Bacillariophyceae) y dinoflageladas (Dinophyceae) planctónicas más frecuentes en el Golfo de California
8fc295af-ccc7-4029-ab7d-d25a02ec9d4a,"Conocimiento de la diversidad y distribución actual del maíz nativo y sus parientes silvestres en México, segunda etapa 2008-2009"
15aa4812-aad2-4b26-a1d8-d4f8d79e6163,"University of Arizona, Gilbertson Mycological Herbarium"
65007e62-740c-4302-ba20-260fe68da291,University of California Santa Barbara Invertebrate Zoology Collection
948a3370-bdb4-46cb-a047-c777a76ae420,ESA - Herbário da Escola Superior de Agricultura Luiz de Queiroz
9ef0bd4b-c016-4791-8a3f-a99c218c1d29,"Actualización de las bases de datos de colecciones, especies en peligro de extinción, colecta y propagación de germoplasma"
25972252-d6b1-4b52-b4b8-64d09d7e7da1,Actualización de las bases de datos de las colecciones de plantas vasculares y macromicetos del herbario de la UJAT
0582c7d8-f9f8-4f1b-acab-9bb5598c10c4,Computarización de la base de datos del Banco Nacional de Germoplasma Vegetal - Fase 2
5fb78d38-455f-4437-b8b6-95af83e5f3df,"Biodiversidad acuática del río Amacuzac, Morelos, México"
ddef79ec-043c-4027-9876-c4a298feff6d,Florida State University's Robert K. Godfrey Herbarium
8291b0f8-11f1-4b84-8d39-65317801676f,"Ecología, genética y conservación de la caoba (Swietenia macrophylla): herramientas para un manejo adaptativo de la selva Maya de Quintana Roo, México"
5e2f4c81-8c8a-45f3-a220-851f85f86b40,VIES - Herbário Central da Universidade Federal do Espírito Santo
72d4c3c7-3413-4588-a803-e1a63e0d7c6c,Vanderbilt University Herbarium
15a1cc29-b66c-4633-ad9c-c2c094b19902,"Robert W. Freckmann Herbarium at the University of Wisconsin, Stevens Point"
921cf6ba-3f58-41ac-90fb-33fa4ec6b282,Flora y datos básicos para la evaluación de las actividades apícola y forestal en tres áreas focales del corredor Sian Ka'an-Calakmul
43aa1339-67e4-4298-b7c5-3d0f201266ef,"Western Illinois University, ​R. M. Myers Herbarium"
3a771a31-8cd0-40ac-befc-69509201b61b,Actualización e incremento del banco de datos de la colección de herbario del Jardín Etnobotánico de Oaxaca
fb97dfb4-72be-4dc1-9f5a-2faea75341b4,University of Richmond Herbarium
1bb33d2d-0714-4fc9-968e-b66bab1cf3d3,"University Herbarium, University of California, Berkeley"
03e04b8e-1dea-49ac-8a46-4276ddcfed21,Snow College Herbarium
c3a7b339-122e-4fe9-8851-371b1fdf584e,University of Central Florida Herbarium
12e36192-5f03-4d22-904a-18025d3b5339,"Conocimiento de la diversidad y distribución actual del maíz nativo y sus parientes silvestres en México, segunda etapa 2008-2009"
50ca2a08-0e76-4f56-9976-d344dd201a9b,University of South Carolina Salkehatchie Herbarium
d11f19ae-e946-4a0e-83e5-2052ae8cca62,Cleveland Museum of Natural History Invertebrate Paleontology Collection
662b1aa5-9c19-4eb9-9766-1da78a117456,"Vascular Plant Collection, University of Puget Sound Herbarium"
03eac319-23c7-429e-9fa4-480640007d62,Youngstown State University
459bd81e-63b9-47d2-9818-dceb6657bea0,"University of Michigan Museum of Zoology, Division of Fishes"
dd1b8c0b-280f-4cd3-979a-ad7464c5c9b5,UCR University of California Riverside Herbarium
72cf005e-4a65-4b22-b418-899ce8af8cfc,"Diversidad genética del cultivo del chile (Capsicum spp) determinada por isoenzimas y RFLP's tipos: serrano, jalapeño, manzano y silvestres en su área de distribución"
9e89b6af-4bb5-45af-93d8-0112bd20a60d,FUEL - Herbário da Universidade Estadual de Londrina
f187fd6c-179b-4c0b-b6bf-971a985760e3,Ecología evolutiva de dos especies invasoras de humedales en  la República Mexicana: Arundo donax y Phragmites australis (Poaceae)
59734d15-8edb-41a4-b3f2-f9bd3407460b,Towson University Biodiversity Center
41e1a09b-bd55-4d20-a480-5d8187f7afca,MSB Parasite Collection (Arctos)
40d35f62-cf89-488a-bad3-66e66d38c10c,Highlands Biological Station Herbarium
89f59779-16cd-4179-86c9-23d13739d5f1,"Inventario de las especies de hongos microscópicos en el Valle de Zapotitlán, estado de Puebla"
f0f0731a-e2c2-415e-a41c-9f514296844c,Computarización de la colección de plantas acuáticas mexicanas del Herbario Nacional (MEXU)
01017cef-5065-48b2-9db8-3e428971d702,"Bryophyte Herbarium, Oslo (O-B)"
97bc50fd-b67d-44cb-9cd0-b716e250c9cf,University of Calgary Herbarium - Lycophytes and Monilophytes
dad311dc-baec-4ec3-b269-ca5e91ade433,Flora ficológica de la huasteca potosina
c5b7dae8-b483-4742-9954-d7f9226daa34,Lundell Herbarium
44328ef7-fc7f-4ff6-b51b-ed9049857e11,Pittsburg State University
931b72d6-1704-4bb9-9323-c4ac8207f3db,SPF-Algae - Herbário da Universidade de São Paulo - Coleção de Algas
b78f17de-fe61-4824-845a-beacc34eb23f,Donación de la base de datos del Dr. Ortega Paczka resultados de la computarización de datos de colecta de muestras de maíz y otros cultivos asociados de diferentes regiones de México
d621e959-2633-4ec1-a2a2-5d97cd818b47,CU Invertebrate Paleontology
8dc14464-57b3-423e-8cb0-950ab8f36b6f,California Academy of Sciences
0bc60df1-a162-4173-9a73-c51e09031843,"Rutgers University, Chrysler Herbarium"
6cc31636-c3e5-4887-bbee-2e56621771c4,University of Texas Herbarium
9b34b218-efb2-43b9-9b9e-dac3c470a9f9,University of Alaska Museum
e01f53f2-8e1b-41cb-9e5a-3dfb3ccf44d6,SJRP - Herbário de São José do Rio Preto
5e24c385-dab9-40a3-a2dd-2cf8758821b6,MAR - Herbário do Maranhão
7c927849-94ed-4034-90e9-af34ac0cb47c,Arizona State University Lichen Herbarium
8157bc94-5fba-4bf6-98bd-9ba653b595e8,The Hemiptera collection (EH) of the Muséum national d'Histoire naturelle (MNHN - Paris)
e95396c4-1cac-4c9b-b461-5f21cd978fc6,United States National Fungus Collections
080f57e4-505c-4e56-bfad-d1861609f146,"Brioflora de la Reserva de Montes Azules, Chis.: Diversidad, Biogeografía y Depauperación por Actividad Humana"
7311c4ac-7cf6-4160-a55c-4a4c7cd0cf89,UPCB - Herbário do Departamento de Botânica
9a09745d-4449-46a2-b8b3-60f3c0d25e83,North Dakota State University Herbarium
f33e9494-7b3c-4ac6-a735-59693b5a9638,"University of Vermont, Pringle Herbarium, North American bryophytes"
b00cf471-6bbe-4f94-846e-288900398b65,"University of North Carolina Wilmington, David J. Sieren Herbarium"
dd232f5c-7f53-48ec-9bb7-7205702c3dc8,"Vascular Plant Collection, Idaho State University, Ray J. Davis Herbarium"
1f2b44b8-8556-4d6e-8247-4611689551cf,University of Florida Herbarium
67ddac20-b412-42c3-bbf4-57dfa68eef7a,"Evaluación de la resistencia a la roya (Uromyces appendiculatus) en poblaciones silvestres y cultivadas de frijol, mediante el empleo de marcadores genéticos moleculares"
560b2536-a07e-46c0-b179-6ba1ba6f5b20,"Estudio florístico de los bosques mesófilos de la Sierra Mazateca de Oaxaca, México"
76fd34da-4892-4821-858d-98fe9e28ba8b,Valdosta State University Herbarium
e4b8508e-fc18-464d-adef-e77f1d7a0fdc,Estudio de la diversidad genética y su distribución de los maíces criollos y sus parientes silvestres en Michoacán
e7db896a-c95b-4a18-99a4-866fff238ca5,Hopkins Marine Station
d81c6ad6-fb8f-4c31-bba3-f2b65f780893,"Cryptogamic Herbarium, Michigan Technological University"
97b858df-0110-4d27-a891-75e6a0f18938,Composición florística del Parque Nacional Huatulco
765aa536-b79e-4794-a0d2-40a160233922,"Computarización de la colección de plantas acuáticas mexicanas del Herbario Nacional  (MEXU), 2da Etapa"
b67747ce-3162-4748-90fc-c7a223410e75,Publicación de la obra: American species of Acacia (Leguminosae; Mimosoideae)
9b62118d-9b90-46b1-854d-06a5a9a22a90,"Wesley E. Niles Herbarium, University of Nevada, Las Vegas"
0fb53db0-a7a4-4ac4-8ad3-bc4648b411e0,Fungi (S)
d06a16c6-f540-40a8-9e92-876ad1955d03,UEC - Herbário da Universidade Estadual de Campinas
94b17bab-a41a-4cb2-8ae4-209e31c5144d,"Diversidad florística y endemismo en la Reserva de la Biósfera El Cielo, Tamaulipas, México"
6ca3402b-f015-4953-92b7-b1bdc1c36478,NX-Criptogamos - Herbário Nova Xavantina
ef637c01-c551-4d47-8a48-4442b8ad5ecd,University of Illinois Herbarium
7cb4bbe6-d9b7-4cdb-b3bf-97a971487f75,Computarización del Herbario ENCB. Fase I (Base de datos de los ejemplares del Valle de México)
0ed8a17e-149b-4cbe-8383-7676da92ea1c,University of Alberta Vascular Plant Herbarium (ALTA-VP)
aeed0286-ffe4-45b8-a7b9-bcee18361433,Bandelier National Monument
518518b7-9e85-42ea-b419-2d23a3ef546a,Naturalis Biodiversity Center (NL) - Hemiptera
9835e4d7-a817-430f-9f55-5fc3325e4399,AMNH Invertebrate Paleontology WIS-Cretaceous Research Collection
97e4947d-fce9-4019-9f86-c0d94c820269,Herbarium - Instituto Nacional de Pesquisas da Amazônia (INPA)
b5e5c781-765f-4981-af2a-c19c250e2cf0,University of Florida Herbarium
4cdf5c2f-1a44-4fd5-bdd8-de08c8a660e2,University of Wyoming Rocky Mountain Herbarium
652ea450-af13-4334-96ff-3136d0188778,"Palaeozoological Collections (PZ), Swedish Museum of Natural History (NRM)"
db3181c9-48dd-489f-96ab-a5888f5a938c,SDSM Invertebrate Collections
ca356731-2be9-4e68-a475-0c363d12f54a,Invertebrates (Type Specimens) of the Swedish Museum of Natural History
d6f12b28-bb9f-44f9-9000-08f644658bf8,Fort Hays State University Sternberg Museum of Natural History - Invertebrate
4f436daa-01d5-4be6-b5c3-fdd255677536,Virginia Polytechnic Institute and State University Insect Collection
39023cd0-ca46-4235-a6fa-162e414d6483,Mosses (S)
af60ac71-fbfb-4648-95fb-0eb5fe24765b,Botanical Research Institute of Texas
03e291b1-e74e-489a-8ec9-d23ff481c13c,Filogenia de las cactáceas columnares (Pachycereeae) con base en caracteres anatómico-morfológicos
c882214e-8ba4-482b-9998-070b5547dc54,VMNH SUP  Paleontology Vertebrates and Paleobotony
fabcdc12-9d29-4bd2-912b-176e71818144,Naturalis Biodiversity Center (NL) - Botany
9401f7e8-7d41-4c57-a5da-8839be046935,"Computarización del Herbario ENCB, IPN. Fase IV. Base de datos de la familia Pinaceae y de distintas familias de la clase Magnoliopsida depositadas en el Herbario de la Escuela Nacional de Ciencias Biológicas, IPN"
9f4ed3ee-33f7-47e9-a4a5-a1224fec2b6e,Flora leñosa de la reserva La Selva El Ocote
bdfab4d7-0b99-42bf-9325-944422b88bea,Los hongos silvestres: componentes de la biodiversidad y alternativa para la sustentabilidad de los bosques templados
dbb14b3f-3a6b-4f3c-872d-9a5a28064a61,HTSA-Carpoteca - Carpoteca do Trópico Semiárido
35879d2c-063f-4046-9ac6-eda6410e21a9,University Museum of Bergen
9a06cc34-be24-4ebf-b599-cbb1d4b8ac7b,"University of Wyoming, Wilhelm G. Solheim Mycological Herbarium"
767c78b4-1c16-4cac-ad04-66333ac5a7f2,Marie Selby Botanical Gardens Herbarium
23b85d9d-4669-40db-901f-aaad686fe0b8,"Vascular Plant Collection, Linfield College Herbarium"
a77b7747-8a1e-40ff-8c63-fb9087cc099d,Herbarium Faeroense
53af19e1-9cb3-4834-8974-62adc640491c,"Lichen herbarium, Tromsø Museum"
25cd5e12-7830-4f46-bf6d-9b6deb706f44,Michigan State University
23a47a5f-2ac1-4f81-acd3-21d5b82ed22a,Ohio State University Herbarium
531537fc-6349-4a20-ae42-540d61797086,Ada Hayden Herbarium (Iowa State University)
2cf2843f-567c-45c1-a328-cc210af76fc1,Naturalis Biodiversity Center (NL) - Cnidaria
361fbabf-9ee1-4e16-8926-0caaec3afdf9,Flora ficológica marina de Tamaulipas
f89ada44-88df-46f0-bc61-cc46d9c84673,Natural History Institute Herbarium
b101e53b-8934-42ef-92db-904c226f29a8,Australian Antarctic Division Herbarium
f0599190-e5b7-42ed-bec8-810905f50c34,James Madison University Herbarium
2d47501f-dbed-43ce-a9c3-9c8542648ce4,Arizona State University Pollen Collection
ad3198a5-3e39-4dd9-9d87-755a11b8e8fa,SP-Fungi - Maria Eneyda Pacheco Kauffmann Fidalgo
0403a198-cdae-42d8-bb83-9a6b143b2693,Biodiversidad fitoplanctónica de cenotes: Patrones espaciales y temporales
699a6c55-fded-431b-8657-a0239b21e147,"Computarización de la xiloteca Dr. Faustino Miranda del Instituto de Ecología, AC"
edba82ff-204c-4800-98e5-b898848b0c07,Distribución actual y potencial de veinte especies de hongos silvestres comestibles en los bosques de coníferas del estado de Oaxaca
4b05f088-74a4-44a5-a161-8b1484efc240,RBcarpo - Rio de Janeiro Botanical Garden Dry Fruits Collection
ba4b4a05-f01f-4b16-b36a-83bf997a8722,Canadian Museum of Nature Crustacea Collection
33fd0737-6207-42cc-bc64-cc637266b476,Oregon State University Herbarium
e7ac8c4a-64bd-491b-b764-232de9b4bfe5,"University of Illinois, Illinois Natural History Survey Fungarium"
85ae9fb4-de87-41ce-abb3-44fda2fb24a8,"Vascular Plant Collection, Evergreen State College Herbarium"
fdf98e60-9feb-4b86-a42e-ae6c7152d02c,The Bergius Herbarium
a2b36fdf-50bc-44ef-a6a4-ca6dc1dc148a,University of Colorado Museum of Natural History Herbarium Vascular Plant Collection
5ffc8bc6-e366-4157-b1ba-00859f1048a4,Howard University Herbarium
538bdd33-b616-4825-8542-7033cc8a185f,Massey Herbarium (Virginia Tech)
cc05ec4b-2d82-4d89-a43c-e313c8641cf5,"Listado florístico y etnobotánico de las plantas medicinales de los huicholes del río Chapalagana, Jalisco y del Nayar, Nayarit"
3ef3ced6-9fa0-4d30-98b4-2d1337d2477d,"Estudio etnobotánico de las malezas útiles presentes en diferentes agroecosistemas en el municipio de Santa María Tecomavaca, Valle de Tehuacán-Cuicatlán, México"
7b0809fb-fd62-4733-8f40-74ceb04cbcac,"Non-vertebrate Paleontology, Jackson School Museum of Earth History, University of Texas at Austin"
750a80fe-60b9-423b-aca1-dcc7937d2c84,ASE - Herbário da Universidade Federal de Sergipe
d3920b32-8de2-4c92-a787-71497171595d,Algae (S)
64b54f96-91f0-4442-b6de-173aa1a5c31b,Bartlett Arboretum Herbarium
8e4ff036-d38e-455f-a0fe-4ac50823f4fb,"University of South Carolina, Andrew Charles Moore Herbarium"
b6ec6203-09db-4d6e-8cba-ee4bebd2934c,"UAM Herbarium (ALA), Vascular Plant Collection (Arctos)"
2d1faedc-9db5-4318-83a1-e884f27e9ac8,Actualización de la base de datos de hongos macroscópicos de Jalisco
3e725fee-3ca5-4344-911e-53c6279fd346,Hongos hyphomycetes de los municipios centrales del estado de Veracruz
634e3223-6a13-48ff-98d2-95a56f234f32,CEPEC-Fungi - Coleção Micológica do CEPEC
09edf7d2-e68e-4a42-93da-762f86bb814f,Connecticut Botanical Society
a6e02b78-6fc6-4cb6-bb87-8d5a443f2c2a,Bernice P. Bishop Museum
04d9b721-259c-4d6b-b48f-2e23edf66c9f,University of Tennessee Fungal Herbarium
9c963109-9898-4953-a351-d5ee36d6115b,West Virginia University Herbarium
a72205bf-d800-46a4-83a8-5fae54cdf877,"Flora del municipio de Culiacán, Sinaloa"
71e55d91-4c0c-4a13-9421-c732348b0a47,UNM Earth Sciences Collection (Arctos)
5f681b65-9a7e-4b79-8a17-fc95cc26b837,"Lichen Collection, Bureau of Land Management, Medford District Herbarium"
0f19f6d6-79a4-434e-ba0b-a4f49f334078,University of Maine Herbaria
d5a1b706-c624-43df-afcf-9cea7094e75b,Northern Illinois University Herbarium
8e2f9392-55ac-49f3-bcc2-131a00122626,Montana State University - Northern Herbarium
7809d96b-7edf-4ef7-9f12-59967e9a01a6,"University of Colorado, Museum of Natural History Herbarium Bryophyte Collection"
c2767dde-1315-4d78-abf9-8e098dd588ab,MPM Milwaukee Public Museum Herbarium
13acedfa-8a82-4135-9a3b-09ffddb0d693,Conocimiento de la diversidad y distribución actual del maíz nativo y sus parientes silvestres en México
c804f67a-efed-4ff6-a875-dc132a040058,"SP-Algae - Herbário do Estado ""Maria Eneyda P. Kaufmann Fidalgo - Coleção de Algas"
a2a7754b-2346-496d-b681-eb754ef32b9e,VMNH Invertebrate Paleontology
6c2b2e25-f628-48eb-a0e2-bb783db72afa,"Diversidad de bacterias fotótrofas en comunidades microbianas bentónicas de Bahía Concepción, BCS, México"
be31dfd1-c721-4697-8ee0-f7043c070810,Butler University Friesner Herbarium (BUT)
e36691ec-c4f8-4bec-b331-b48ffa82ff49,UTEP Plants (Arctos)
e60301d9-9b40-483f-92de-065769b9d3dd,University of Louisiana at Monroe Herbarium
dad057a8-0648-4e11-9652-740ce7f86d62,Kent State University Bryophyte Herbarium
ff0d1543-247c-4039-a8ff-cf4fc224c449,"College of the Atlantic, Acadia National Park Herbarium"
2b45c778-b10c-496b-b8cb-1e414da59ccf,University of Idaho
13510466-6232-4313-9e46-ea197b82750c,Brown University Herbarium
997c4dda-0465-40c0-af8d-67f8f90dea3b,"Bureau of Land Management, Taos Field Office"
eac8c59f-3173-4ce6-8772-a421d991b0ff,Conocimiento de la diversidad y distribución actual del maíz nativo y sus parientes silvestres en México
c7821624-d246-43b8-9dfd-de470f9dc294,HUEM - Herbário da Universidade Estadual de Maringá
0b49ad25-2508-4c2f-a249-b859a06188df,Hongos hyphomycetes de áreas tropicales y semitropicales del Estado de Veracruz
20360fae-574a-4d63-b9f6-47b1cc07fd22,"Eastern Kentucky University, Ronald L. Jones Herbarium"
3feab0ae-cfc3-40fb-b681-018c410f1996,University of Michigan Herbarium
0e5201c0-bad2-4e28-9322-5c5dca8862c8,Herbario de la Universidad de Sonora
645bcd10-a74f-4207-a375-0254b954b7ad,University of North Carolina Chapel Hill Herbarium
3501e0a6-1420-45b9-bbf9-77349e79e9d7,University of Rhode Island
e5f377de-c662-4eec-a4d4-b41b18441f3a,"University of South Carolina, A. C. Moore Herbarium"
f08c31ea-0e90-4cc1-b471-dfd0584ae7cf,University of Wisconsin-LaCrosse
0ed6268e-7449-414c-a93c-57ea68f8ab3e,"Actualización de la base de datos sobre la flora de la Reserva de la Biósfera Sierra de Manantlán, Jalisco-Colima, México"
fc67a16e-9e6e-47ec-86c2-0b6def5a1a33,Mixomicetes de la Reserva de la Biosfera del Valle de Tehuacán-Cuicatlán
59954c3b-4318-4d80-8859-15b3b10ffe5d,Biodiversidad de productores primarios de las lagunas costeras del norte de Yucatán
e1c7bc41-50a4-4723-b8b3-f970844ffb65,Bell Musuem paleobotany
f0174bc9-0cca-450e-a941-655d80040139,Illinois Natural History Survey
35830c1e-429e-4006-a153-78984a3e0ee2,IPA - Herbário - IPA Dárdano de Andrade Lima
d478c23a-1993-443d-85ea-308870606626,Buffalo Society of Natural Sciences Clinton Herbarium
11f5ea79-3522-4aad-ad90-c91e7ed93383,Herbier Boreal Confluence (BOUM)
ff111763-e72d-4f24-8914-b5b2dd94908c,New Mexico State Collection of Arthropods
be34dbd9-5d54-4837-9f49-ff423eb18e8b,Illinois Natural History Survey - Amphibian and Reptile Collection
5ee6f92f-c65c-4888-98e3-f152b3ceb184,FURB - Herbário Dr. Roberto Miguel Klein
954ec5e0-4fcd-414d-8ad2-46b4b75cfc74,"Vascular Plant Collection, Boise District Bureau of Land Management Herbarium"
c5d42fed-eed0-4e14-9625-f8a9c0ff6bb1,University of Nebraska Kearney
72b6dbee-bc4d-4e35-a32c-8df0422771fb,"Willard Sherman Turrell Herbarium, Miami University"
bd211251-f857-4110-89df-ae59772e44c9,"Catálogo electrónico de especímenes depositados en el Herbario de la Universidad de Texas en Austin, Fase IV"
fc40fabd-0a70-48fa-b142-79990cd259a5,George Safford Torrey Herbarium
8f886a6c-a477-42b0-8587-db4832177be9,Uso y monitoreo de los recursos naturales en el Corredor Biológico Mesoamericano (áreas focales Xpujil-Zoh Laguna y Carrillo Puerto)
cf42855e-a54a-4488-a79e-beac086ba1d4,University of Hawaii Insect Museum
a062eb42-d5c6-4332-8c88-64b4ac1af892,SUNY College of Environmental Science and Forestry Herbarium
e7496fd0-725a-42eb-bf35-af72885b6c0d,Conservación del germoplasma vegetal en las regiones áridas y semiáridas de México. Fase 5
f8e830e3-9b0d-4e5d-9f24-9f2ed3b465da,CNMT - Herbário Centro Norte Mato Grossense
932e8ecc-fb16-4ce1-9863-e0e586e3ab34,Naturalis Biodiversity Center (NL) - Tunicata
9ff03c57-ba5a-4127-9439-4bf3e838c4df,University of North Carolina Chapel Hill Herbarium
ca4e7ee9-06f5-4f93-830c-507a6598ec25,IAC - Herbário do Instituto Agronômico de Campinas
5db52f01-8d71-43e5-b835-0ff7d33d715b,HPL - Herbário do Jardim Botânico Plantarum
4ef6540c-e6cf-4678-bc43-b57435354de0,"Algae Collection, University of Washington Herbarium"
b1c7a275-21f6-4b66-895d-d497359b34a1,Intermountain Herbarium (Utah State University)
703b5bdc-4581-47e3-b4b6-e6f32d0eec54,"Vascular plant herbarium, Tromsø Museum"
d9dac6f3-c7bc-48fc-a917-4fc9e4d6da32,The Fish Collection
d7b285d4-2643-45ee-9302-b0c3d51dda5c,R. L. McGregor Herbarium Vascular Plants Collection
b7349341-c8e2-4628-be5f-77600ba730fa,Davis &amp; Elkins College Herbarium
6d09cfc1-a17c-4067-b1a0-557b8e5334ea,Westfield State University Herbarium
cc11b4e3-823d-4490-95b2-afe6a1f3a9d2,"Pacific Northwest Herbarium, Western Washington University"
95ecb448-3c1f-4145-8565-4f6d51beb62c,KU Museum of Invertebrate Paleontology
2c00c297-9ebd-498a-b701-d3ebde4b49f3,"Garrett Herbarium, Natural History Museum of Utah"
ea12da76-1b2e-4944-8709-1de3af1c65e2,"Mycology herbarium, Oslo (O)"
5664e8bd-a09a-412f-a71b-434504c2a136,"Fitoplancton marino frente a Baja California. 1. Bahía de Todos Santos, BC"
433d3c37-8dde-42e4-a344-2cb6605c5da2,Arizona State University Fruit and Seed Collection
